"subject","subject_id","paper_code","phase","question_number","display_order","source_question_ref","topic","microtopic","microtopic_slug","question_id","stem_excerpt"
"Agriculture & Rural Development","dd3d3bf2-9da6-4525-a19f-48bf047adb35","NABARD-P1-ARD-2020","1","161","1","ARD-2020-Q161","Agronomy and Crop Production","Crop production statistics and leading states","ard-crop-production-statistics-and-leading-states-76bd8597","f66c3f4d-ca81-4916-9e41-f481f2e3ba97","Q.161)Which state has the highest rice production"
"Agriculture & Rural Development","dd3d3bf2-9da6-4525-a19f-48bf047adb35","NABARD-P1-ARD-2020","1","162","2","ARD-2020-Q162","Agronomy and Crop Production","Crop production statistics and leading states","ard-crop-production-statistics-and-leading-states-76bd8597","72ef27b4-8f27-473d-9d27-48855f14ed79","Q.162) According to the first advance estimate 2019 -20, What is the total food grain production in kharif 2019?"
"Agriculture & Rural Development","dd3d3bf2-9da6-4525-a19f-48bf047adb35","NABARD-P1-ARD-2020","1","163","3","ARD-2020-Q163","Horticulture and Plantation Crops","Horticulture production statistics","ard-horticulture-production-statistics-4130b769","3c59a40d-7273-4466-b185-5b9666ec0d38","Q.163)According to the third advance estimate 2018 -19, What is the total horticulture production?"
"Agriculture & Rural Development","dd3d3bf2-9da6-4525-a19f-48bf047adb35","NABARD-P1-ARD-2020","1","164","4","ARD-2020-Q164","Agronomy and Crop Production","Crop production statistics and leading states","ard-crop-production-statistics-and-leading-states-76bd8597","647e51ad-80c7-4458-a50c-734516fe6c9d","Q.164) Which among is correct on the basis of decreasing order of production?"
"Agriculture & Rural Development","dd3d3bf2-9da6-4525-a19f-48bf047adb35","NABARD-P1-ARD-2020","1","165","5","ARD-2020-Q165","Soil Science, Water and Agro-meteorology","Irrigation projects and command area classification","ard-irrigation-projects-and-command-area-classification-657dc57b","23e4a626-a7b1-46f5-b864-cea0e96a781e","Q.165) According to 5th Minor irrigation Census 2013 – 14, Which state has the highest number of minor irrigation projec"
"Agriculture & Rural Development","dd3d3bf2-9da6-4525-a19f-48bf047adb35","NABARD-P1-ARD-2020","1","166","6","ARD-2020-Q166","Soil Science, Water and Agro-meteorology","Soil types and their distribution in India","ard-soil-types-and-their-distribution-in-india-f1275c3b","cc5ec8ad-3599-4168-b054-3fa844ca96c9","Q.166) Which region in India covers maximum area under alluvial soil?"
"Agriculture & Rural Development","dd3d3bf2-9da6-4525-a19f-48bf047adb35","NABARD-P1-ARD-2020","1","167","7","ARD-2020-Q167","Soil Science, Water and Agro-meteorology","Soil physical properties and soil moisture","ard-soil-physical-properties-and-soil-moisture-6599130c","d957f590-28da-4231-9c9a-ff8a826b07c3","Q.167) Which among the following has the highest water retention capacity?"
"Agriculture & Rural Development","dd3d3bf2-9da6-4525-a19f-48bf047adb35","NABARD-P1-ARD-2020","1","168","8","ARD-2020-Q168","Rural Development, Schemes and Institutions","Rural roads and PMGSY","ard-rural-roads-and-pmgsy-2cb50665","89e72822-de7a-4f18-9e33-b5731108bd04","Q.168) The Phase-III of PMGSY which aims at consolidation of 1,25,000 Kms Through Routes a Major Rural Links that connec"
"Agriculture & Rural Development","dd3d3bf2-9da6-4525-a19f-48bf047adb35","NABARD-P1-ARD-2020","1","169","9","ARD-2020-Q169","Agricultural Economics, Credit and Marketing","Agricultural events and industry associations","ard-agricultural-events-and-industry-associations-5540f0f2","eb09121b-793e-4848-9af1-710798bf3cd3","Q.169) The Pulses Conclave 2020 (TPC 2020) has been scheduled to be held from 12 -14 February 2020 in_______________. Th"
"Agriculture & Rural Development","dd3d3bf2-9da6-4525-a19f-48bf047adb35","NABARD-P1-ARD-2020","1","170","10","ARD-2020-Q170","Agronomy and Crop Production","Crop production statistics and leading states","ard-crop-production-statistics-and-leading-states-76bd8597","9fe79a43-9b87-4364-832d-fc423a6cbc55","Q.170)Which state has the maximum area under sunflower production?"
"Agriculture & Rural Development","dd3d3bf2-9da6-4525-a19f-48bf047adb35","NABARD-P1-ARD-2020","1","171","11","ARD-2020-Q171","Agronomy and Crop Production","Commercial and fibre crops","ard-commercial-and-fibre-crops-fc1cb796","d3999a7d-af21-4afa-995f-35211317e138","Q.171) Which crop is known as white gold?"
"Agriculture & Rural Development","dd3d3bf2-9da6-4525-a19f-48bf047adb35","NABARD-P1-ARD-2020","1","172","12","ARD-2020-Q172","Animal Husbandry, Dairy and Poultry","Poultry production and management","ard-poultry-production-and-management-23203b34","60850d8e-b542-45c1-b356-6c94a0a09ec7","Q.172) What is the productive age of the layers in poultry?"
"Agriculture & Rural Development","dd3d3bf2-9da6-4525-a19f-48bf047adb35","NABARD-P1-ARD-2020","1","173","13","ARD-2020-Q173","Rural Development, Schemes and Institutions","Direct income support to farmers","ard-direct-income-support-to-farmers-d6af2ca5","8f79aaff-63b0-4050-911e-6e39c476a2b5","Q.173) Which one is false for PM KISAN?"
"Agriculture & Rural Development","dd3d3bf2-9da6-4525-a19f-48bf047adb35","NABARD-P1-ARD-2020","1","174","14","ARD-2020-Q174","Agricultural Economics, Credit and Marketing","Minimum Support Price and procurement","ard-minimum-support-price-and-procurement-08bf1b90","e8f914d6-200f-442f-9d70-eccd2c0b4a5a","Q.174) PDS and PDPS are the components of which scheme"
"Agriculture & Rural Development","dd3d3bf2-9da6-4525-a19f-48bf047adb35","NABARD-P1-ARD-2020","1","175","15","ARD-2020-Q175","Rural Development, Schemes and Institutions","Rural roads and PMGSY","ard-rural-roads-and-pmgsy-2cb50665","057eb4d0-2aa9-4021-a3ff-d2d64b35fb67","Q.175) For the better connectivity in the rural areas, roads are constructed which schemes covers the construction?"
"Agriculture & Rural Development","dd3d3bf2-9da6-4525-a19f-48bf047adb35","NABARD-P1-ARD-2020","1","176","16","ARD-2020-Q176","Agricultural Economics, Credit and Marketing","Agricultural events and industry associations","ard-agricultural-events-and-industry-associations-5540f0f2","f207d9ac-e716-44d3-8f6c-1daf8d89653b","Q.176) The 6th world congress of agriculture held at _____________."
"Agriculture & Rural Development","dd3d3bf2-9da6-4525-a19f-48bf047adb35","NABARD-P1-ARD-2020","1","177","17","ARD-2020-Q177","Soil Science, Water and Agro-meteorology","Soil health management and testing","ard-soil-health-management-and-testing-a8f440e2","2e51f451-d912-4101-aefa-b2e857c5afd6","Q.177) Swasth Dhara Khet Hara is the tag line for"
"Agriculture & Rural Development","dd3d3bf2-9da6-4525-a19f-48bf047adb35","NABARD-P1-ARD-2020","1","178","18","ARD-2020-Q178","Rural Development, Schemes and Institutions","Panchayati Raj and rural governance","ard-panchayati-raj-and-rural-governance-18cc1263","22a25d2d-5997-4dc9-be22-8272d4affbcb","Q.178) Under which committee the concept of democratic decentralization came which led to the three-tier system of Panch"
"Agriculture & Rural Development","dd3d3bf2-9da6-4525-a19f-48bf047adb35","NABARD-P1-ARD-2020","1","179","19","ARD-2020-Q179","Rural Development, Schemes and Institutions","MGNREGA","ard-mgnrega-e34273e0","f444761d-6374-4254-8f22-92678eedb30b","Q.179) Which scheme provide 100 days guaranteed employment of 100 days every year to the individuals above 18 yrs of age"
"Agriculture & Rural Development","dd3d3bf2-9da6-4525-a19f-48bf047adb35","NABARD-P1-ARD-2020","1","180","20","ARD-2020-Q180","Agricultural Economics, Credit and Marketing","Kisan Credit Card and agricultural credit targets","ard-kisan-credit-card-and-agricultural-credit-targets-1b663009","9d89df93-da5a-4b72-a8be-f2e9dbff5c73","Q.180) What is the rate of interest on KCC in which govt gives interest subsidy of 2%?"
"Agriculture & Rural Development","dd3d3bf2-9da6-4525-a19f-48bf047adb35","NABARD-P1-ARD-2020","1","181","21","ARD-2020-Q181","Rural Development, Schemes and Institutions","Rural waste management and bioenergy","ard-rural-waste-management-and-bioenergy-10b2ffaf","350b7c28-565d-4355-ba0f-819066c00173","Q.181) In GOBAR-DHAN Scheme, R stands for"
"Agriculture & Rural Development","dd3d3bf2-9da6-4525-a19f-48bf047adb35","NABARD-P1-ARD-2020","1","182","22","ARD-2020-Q182","Soil Science, Water and Agro-meteorology","Agro-meteorology, rainfall and instruments","ard-agro-meteorology-rainfall-and-instruments-1970b919","97fa0c99-06fa-42c2-b505-613a7a1acaec","Q.182) What is the minimum amount of rainfall require to call a rainy day?"
"Agriculture & Rural Development","dd3d3bf2-9da6-4525-a19f-48bf047adb35","NABARD-P1-ARD-2020","1","183","23","ARD-2020-Q183","Agronomy and Crop Production","Millets and coarse cereals","ard-millets-and-coarse-cereals-5817dc22","0f22fe7a-e639-47cc-b2ad-7b84b228507b","Q.183) Which year is dedicated as the international year of Millets by UN FAO?"
"Agriculture & Rural Development","dd3d3bf2-9da6-4525-a19f-48bf047adb35","NABARD-P1-ARD-2020","1","184","24","ARD-2020-Q184","Agricultural Economics, Credit and Marketing","Priority sector lending and RIDF","ard-priority-sector-lending-and-ridf-f05ce94f","561470d2-f8ff-4212-98fc-73b051a4807d","Q.184) Whenever there is shortfall from the target of priority sector, bank has to deposit the short amount to which fun"
"Agriculture & Rural Development","dd3d3bf2-9da6-4525-a19f-48bf047adb35","NABARD-P1-ARD-2020","1","185","25","ARD-2020-Q185","Soil Science, Water and Agro-meteorology","Soil conservation and erosion control","ard-soil-conservation-and-erosion-control-b50e6128","6f73b098-5439-44b1-82cc-fafff39f8072","Q.185) When farming is done along the lines of slopes in highly sloped area then it is known as"
"Agriculture & Rural Development","dd3d3bf2-9da6-4525-a19f-48bf047adb35","NABARD-P1-ARD-2020","1","186","26","ARD-2020-Q186","Horticulture and Plantation Crops","Plant propagation methods","ard-plant-propagation-methods-51e57982","9e2c81e5-5f78-4ff0-bfb1-1e8176f02d5f","Q.186) Inarching is used in the propagation of"
"Agriculture & Rural Development","dd3d3bf2-9da6-4525-a19f-48bf047adb35","NABARD-P1-ARD-2020","1","187","27","ARD-2020-Q187","Horticulture and Plantation Crops","Plantation crop management","ard-plantation-crop-management-6adb2d38","903b8143-3826-4622-9157-43f561ebeb7f","Q.187) Tipping is practiced in which of the crop"
"Agriculture & Rural Development","dd3d3bf2-9da6-4525-a19f-48bf047adb35","NABARD-P1-ARD-2020","1","188","28","ARD-2020-Q188","Agricultural Engineering, Mechanisation and Extension","Farm implements and mechanisation","ard-farm-implements-and-mechanisation-635cd7ec","130c89d8-999b-4654-9a96-11ff7a9db0f3","Q.188)What is the subsidy given by bank for financing combine harvester?"
"Agriculture & Rural Development","dd3d3bf2-9da6-4525-a19f-48bf047adb35","NABARD-P1-ARD-2020","1","189","29","ARD-2020-Q189","Agronomy and Crop Production","Crop physiology and productivity","ard-crop-physiology-and-productivity-ec35b2e2","6ebb0db7-c97a-4d79-92ae-d06e7c0fc508","Q.189)Which crop is having highest conversion rate of solar energy?"
"Agriculture & Rural Development","dd3d3bf2-9da6-4525-a19f-48bf047adb35","NABARD-P1-ARD-2020","1","190","30","ARD-2020-Q190","Soil Science, Water and Agro-meteorology","Soil conservation and erosion control","ard-soil-conservation-and-erosion-control-b50e6128","577df12f-8c43-4092-a548-4d230c0daed6","Q.190) Which of the following is the most dominant factor for soil degradation in semi-arid zones in India?"
"Agriculture & Rural Development","dd3d3bf2-9da6-4525-a19f-48bf047adb35","NABARD-P1-ARD-2020","1","191","31","ARD-2020-Q191","Animal Husbandry, Dairy and Poultry","Fodder crops and grasses","ard-fodder-crops-and-grasses-c1dff30e","dbcb7c90-4bff-45da-9e89-db3c6a401370","Q.191) Elephant grass is also known with the name"
"Agriculture & Rural Development","dd3d3bf2-9da6-4525-a19f-48bf047adb35","NABARD-P1-ARD-2020","1","192","32","ARD-2020-Q192","Agronomy and Crop Production","Crop production statistics and leading states","ard-crop-production-statistics-and-leading-states-76bd8597","d3d02061-4f32-4a21-afb7-90bbf5ba23d7","Q.192) Which of the following crop occupies largest area in India?"
"Agriculture & Rural Development","dd3d3bf2-9da6-4525-a19f-48bf047adb35","NABARD-P1-ARD-2020","1","193","33","ARD-2020-Q193","Soil Science, Water and Agro-meteorology","Soil types and their distribution in India","ard-soil-types-and-their-distribution-in-india-f1275c3b","6e58f6f2-de7b-465c-8c49-705348dc5174","Q.193) Which of the following soil has self-ploughing properties?"
"Agriculture & Rural Development","dd3d3bf2-9da6-4525-a19f-48bf047adb35","NABARD-P1-ARD-2020","1","194","34","ARD-2020-Q194","Agricultural Economics, Credit and Marketing","Union Budget and agriculture allocations","ard-union-budget-and-agriculture-allocations-168cd03f","4cd1fa37-a007-4343-bc43-f4d51b71e300","Q.194)In union budget 2020, finance minister announced a ____ point programme for revival of Agriculture sector"
"Agriculture & Rural Development","dd3d3bf2-9da6-4525-a19f-48bf047adb35","NABARD-P1-ARD-2020","1","195","35","ARD-2020-Q195","Soil Science, Water and Agro-meteorology","Irrigation projects and command area classification","ard-irrigation-projects-and-command-area-classification-657dc57b","4e2e23a8-4910-46df-a42c-e038cf635136","Q.195) A minor irrigation scheme covers cultural command area upto"
"Agriculture & Rural Development","dd3d3bf2-9da6-4525-a19f-48bf047adb35","NABARD-P1-ARD-2020","1","196","36","ARD-2020-Q196","Agricultural Economics, Credit and Marketing","Doubling farmers' income","ard-doubling-farmers-income-f022e57a","03e7a791-1584-456f-81de-852005e7d5e5","Q.196)Which of the following is the knowledge partner for the committee on doubling of farmers Income?"
"Agriculture & Rural Development","dd3d3bf2-9da6-4525-a19f-48bf047adb35","NABARD-P1-ARD-2020","1","197","37","ARD-2020-Q197","Fisheries and Aquaculture","Fish species, breeds and migration","ard-fish-species-breeds-and-migration-d80fedd9","877f7c60-33e0-4304-8228-997077fa4b98","Q.197)Which of the following type of fishes live in fresh water but move towards sea for breeding?"
"Agriculture & Rural Development","dd3d3bf2-9da6-4525-a19f-48bf047adb35","NABARD-P1-ARD-2020","1","198","38","ARD-2020-Q198","Animal Husbandry, Dairy and Poultry","Livestock and poultry diseases","ard-livestock-and-poultry-diseases-53ef1f4f","a024edec-fe0a-48bb-b46f-0fb70db780e5","Q.198) Which of the following is the most serious viral disease of poultry?"
"Agriculture & Rural Development","dd3d3bf2-9da6-4525-a19f-48bf047adb35","NABARD-P1-ARD-2020","1","199","39","ARD-2020-Q199","Soil Science, Water and Agro-meteorology","Plant nutrients, their functions and deficiency symptoms","ard-plant-nutrients-their-functions-and-deficiency-symptoms-55b74392","0e6936d4-0c33-4156-86c7-77b861ab2736","Q.199)Which of the following nutrient plays key role in sugar synthesis in Sugarcane?"
"Agriculture & Rural Development","dd3d3bf2-9da6-4525-a19f-48bf047adb35","NABARD-P1-ARD-2020","1","200","40","ARD-2020-Q200","Plant Protection and Crop Health","Crop diseases and their causal agents","ard-crop-diseases-and-their-causal-agents-b59ad874","6c6d3290-2279-4e2c-a853-49f6917ddb7f","Q.200) Rosetting in groundnut is due to"
"Agriculture & Rural Development","dd3d3bf2-9da6-4525-a19f-48bf047adb35","NABARD-P1-ARD-2021","1","161","1","ARD-2021-Q161","Agricultural Economics, Credit and Marketing","Kisan Credit Card and agricultural credit targets","ard-kisan-credit-card-and-agricultural-credit-targets-1b663009","daeaa52c-b8ba-4471-954c-299a4f7e7498","Q.161) KCC scheme aims at providing adequate and timely credit support from the banking system under a single window wit"
"Agriculture & Rural Development","dd3d3bf2-9da6-4525-a19f-48bf047adb35","NABARD-P1-ARD-2021","1","162","2","ARD-2021-Q162","Fisheries and Aquaculture","Fish species, breeds and migration","ard-fish-species-breeds-and-migration-d80fedd9","eeea0ffe-41f1-4b15-a459-bd8f821cb8ed","Q.162) Potamodromous fish is a freshwater fish, lives as well as migrate within fresh water. Which of the following fish"
"Agriculture & Rural Development","dd3d3bf2-9da6-4525-a19f-48bf047adb35","NABARD-P1-ARD-2021","1","163","3","ARD-2021-Q163","Forestry and Agroforestry","Forest cover and forest policy","ard-forest-cover-and-forest-policy-df1fa06d","e79714d3-a654-4545-b795-f46cccb3c74b","Q.163) What percent of India’s geographical area should be under forest cover?"
"Agriculture & Rural Development","dd3d3bf2-9da6-4525-a19f-48bf047adb35","NABARD-P1-ARD-2021","1","164","4","ARD-2021-Q164","Agricultural Economics, Credit and Marketing","Value-chain and price stabilisation initiatives","ard-value-chain-and-price-stabilisation-initiatives-038079c6","692da6a8-eb39-42d6-b9aa-e4eeb98928cd","Q.164) ………… is an initiative by an Indian tobacco company (ITC) specifically designed to tackle the challenges posed by "
"Agriculture & Rural Development","dd3d3bf2-9da6-4525-a19f-48bf047adb35","NABARD-P1-ARD-2021","1","165","5","ARD-2021-Q165","Agricultural Economics, Credit and Marketing","Priority sector lending and RIDF","ard-priority-sector-lending-and-ridf-f05ce94f","c8fdf86b-55fe-4b3d-b1df-e451a083ff7a","Q.165) Identify the year in which Rural infrastructure development Fund has been constituted?"
"Agriculture & Rural Development","dd3d3bf2-9da6-4525-a19f-48bf047adb35","NABARD-P1-ARD-2021","1","166","6","ARD-2021-Q166","Agricultural Economics, Credit and Marketing","Operational land holdings and farm size classification","ard-operational-land-holdings-and-farm-size-classification-b394fb0e","05671186-2905-458f-8e20-f0360af7c736","Q.166) According to operational land holdings, small farmer is categorized under"
"Agriculture & Rural Development","dd3d3bf2-9da6-4525-a19f-48bf047adb35","NABARD-P1-ARD-2021","1","167","7","ARD-2021-Q167","Soil Science, Water and Agro-meteorology","Irrigation projects and command area classification","ard-irrigation-projects-and-command-area-classification-657dc57b","d39eafd8-ba04-40c0-8ad1-db6d140ba461","Q.167) Cultivated command area for medium irrigated project is"
"Agriculture & Rural Development","dd3d3bf2-9da6-4525-a19f-48bf047adb35","NABARD-P1-ARD-2021","1","168","8","ARD-2021-Q168","Agricultural Economics, Credit and Marketing","Farmer Producer Organisations","ard-farmer-producer-organisations-8f479c20","5d37d81d-699f-4c30-a50b-97a244a9ed9d","Q.168) Which state has maximum FPOs?"
"Agriculture & Rural Development","dd3d3bf2-9da6-4525-a19f-48bf047adb35","NABARD-P1-ARD-2021","1","169","9","ARD-2021-Q169","Forestry and Agroforestry","Agroforestry systems","ard-agroforestry-systems-ef1aa2d0","b5f04429-1184-44bf-af81-eef7da1cf4dc","Q.169) Agroforestry practice in which trees or shrubs are grown as hedge rows simultaneously with an arable crop"
"Agriculture & Rural Development","dd3d3bf2-9da6-4525-a19f-48bf047adb35","NABARD-P1-ARD-2021","1","170","10","ARD-2021-Q170","Soil Science, Water and Agro-meteorology","Manures, fertilizers and biofertilizers","ard-manures-fertilizers-and-biofertilizers-baa7d9d5","7a62d023-3bb8-413f-8e79-d4e363fc4db3","Q.170) Which of the following fertilizer is organic in nature?"
"Agriculture & Rural Development","dd3d3bf2-9da6-4525-a19f-48bf047adb35","NABARD-P1-ARD-2021","1","171","11","ARD-2021-Q171","Rural Development, Schemes and Institutions","Rural artisan and handloom sector","ard-rural-artisan-and-handloom-sector-91744e34","0bbe103a-13d5-47fc-95eb-93c27881a214","Q.171) As per 4th All India Handloom Census 2019-20, how many weaver households are located in rural areas of our countr"
"Agriculture & Rural Development","dd3d3bf2-9da6-4525-a19f-48bf047adb35","NABARD-P1-ARD-2021","1","172","12","ARD-2021-Q172","Agricultural Engineering, Mechanisation and Extension","Farm implements and mechanisation","ard-farm-implements-and-mechanisation-635cd7ec","d13c184f-5f70-4046-be41-228845e86330","Q.172) Wheel Hoe is used for _______."
"Agriculture & Rural Development","dd3d3bf2-9da6-4525-a19f-48bf047adb35","NABARD-P1-ARD-2021","1","173","13","ARD-2021-Q173","Rural Development, Schemes and Institutions","Food security and the public distribution system","ard-food-security-and-the-public-distribution-system-da810701","b4a8b34c-2e78-4813-a17a-122ba8c06ce7","Q.173) 5 Kg food grains per person per month distributed additionally under ……………. Yojana"
"Agriculture & Rural Development","dd3d3bf2-9da6-4525-a19f-48bf047adb35","NABARD-P1-ARD-2021","1","174","14","ARD-2021-Q174","Animal Husbandry, Dairy and Poultry","Poultry production and management","ard-poultry-production-and-management-23203b34","f8adb11d-5869-4529-bd4d-b750fcf397ec","Q.174) Hens which are reared for the purpose of laying eggs are called _____."
"Agriculture & Rural Development","dd3d3bf2-9da6-4525-a19f-48bf047adb35","NABARD-P1-ARD-2021","1","175","15","ARD-2021-Q175","Fisheries and Aquaculture","Fish processing and post-harvest handling","ard-fish-processing-and-post-harvest-handling-563597fb","eda0426d-8ae7-470b-8ab5-e7c541101603","Q.175) The traditional methods of processing fish by salting, drying, smoking pickling etc. are collectively known as ……"
"Agriculture & Rural Development","dd3d3bf2-9da6-4525-a19f-48bf047adb35","NABARD-P1-ARD-2021","1","176","16","ARD-2021-Q176","Agricultural Economics, Credit and Marketing","e-NAM and agricultural marketing platforms","ard-e-nam-and-agricultural-marketing-platforms-3c1c5ff6","435eedca-06fd-4990-a277-f780fdb48885","Q.176) Maximum selling agricultural commodity through National Agriculture Market (eNAM)."
"Agriculture & Rural Development","dd3d3bf2-9da6-4525-a19f-48bf047adb35","NABARD-P1-ARD-2021","1","177","17","ARD-2021-Q177","Soil Science, Water and Agro-meteorology","Soil moisture conservation practices","ard-soil-moisture-conservation-practices-bbf02983","bfff89c3-8f85-401c-8d98-ef7b4dc2d227","Q.177) Covering soils with crop residue, straw, etc., to conserve moisture and lowers evaporation is known as ………….."
"Agriculture & Rural Development","dd3d3bf2-9da6-4525-a19f-48bf047adb35","NABARD-P1-ARD-2021","1","178","18","ARD-2021-Q178","Soil Science, Water and Agro-meteorology","Soil types and their distribution in India","ard-soil-types-and-their-distribution-in-india-f1275c3b","451d8f95-9605-4b5d-b4d5-ef4022654bc6","Q.178) Soil formed due to wide diffusion of iron oxide is"
"Agriculture & Rural Development","dd3d3bf2-9da6-4525-a19f-48bf047adb35","NABARD-P1-ARD-2021","1","179","19","ARD-2021-Q179","Soil Science, Water and Agro-meteorology","Irrigation and groundwater schemes","ard-irrigation-and-groundwater-schemes-8c00e4e2","0f495dbc-7a0e-47df-8822-85268f2a5e0e","Q.179) Atal Bhujal Yojana is World Bank aided Central Sector Scheme of Government of India with total outlay of Rs. 6000"
"Agriculture & Rural Development","dd3d3bf2-9da6-4525-a19f-48bf047adb35","NABARD-P1-ARD-2021","1","180","20","ARD-2021-Q180","Soil Science, Water and Agro-meteorology","Agro-meteorology, rainfall and instruments","ard-agro-meteorology-rainfall-and-instruments-1970b919","2ddb84ee-12cd-46d5-b4eb-1b6929c7ed39","Q.180) Which instrument is used to measure humidity?"
"Agriculture & Rural Development","dd3d3bf2-9da6-4525-a19f-48bf047adb35","NABARD-P1-ARD-2021","1","181","21","ARD-2021-Q181","Soil Science, Water and Agro-meteorology","Climate change and emission reports","ard-climate-change-and-emission-reports-e3123cf2","6a0e1767-75fe-4981-9c31-692f1664fe49","Q.181) According to Emissions Gap Report 2020 released by United Nations Environment Programme (UNEP), the Global Carbon"
"Agriculture & Rural Development","dd3d3bf2-9da6-4525-a19f-48bf047adb35","NABARD-P1-ARD-2021","1","182","22","ARD-2021-Q182","Agronomy and Crop Production","Cropping systems and cropping patterns","ard-cropping-systems-and-cropping-patterns-97da95cc","92da6f71-8080-4502-aa3f-8aca62784615","Q.182) Which one of the following terms describes the practice of growing two or more crops simultaneously on the same p"
"Agriculture & Rural Development","dd3d3bf2-9da6-4525-a19f-48bf047adb35","NABARD-P1-ARD-2021","1","183","23","ARD-2021-Q183","Animal Husbandry, Dairy and Poultry","Livestock terminology and management practices","ard-livestock-terminology-and-management-practices-8ac22bac","fd9b13d6-84d8-4008-bf85-8bf7021e0110","Q.183) Buffalo rolling in mud is called ……………"
"Agriculture & Rural Development","dd3d3bf2-9da6-4525-a19f-48bf047adb35","NABARD-P1-ARD-2021","1","184","24","ARD-2021-Q184","Soil Science, Water and Agro-meteorology","Irrigation methods","ard-irrigation-methods-d3bd948d","8760ace5-eeee-4fc3-b618-ac5f689ea59d","Q.184) Type of irrigation in which water is directly applied to the root zone of tree and easy for giving fertilizers, e"
"Agriculture & Rural Development","dd3d3bf2-9da6-4525-a19f-48bf047adb35","NABARD-P1-ARD-2021","1","185","25","ARD-2021-Q185","Rural Development, Schemes and Institutions","Sanitation and drinking water missions","ard-sanitation-and-drinking-water-missions-1e7dd5d7","a8c42387-d4d7-48be-a156-d5b2cad2b5a5","Q.185) SUJALAM campaign to ensure sustainability of ODF gains & create one million soak pits is under which ministry?"
"Agriculture & Rural Development","dd3d3bf2-9da6-4525-a19f-48bf047adb35","NABARD-P1-ARD-2021","1","186","26","ARD-2021-Q186","Rural Development, Schemes and Institutions","MGNREGA","ard-mgnrega-e34273e0","09febc23-0016-4292-930c-482e00315a4f","Q.186)……………………….. is a demand driven wage employment programme, which provides for livelihood security by providing at l"
"Agriculture & Rural Development","dd3d3bf2-9da6-4525-a19f-48bf047adb35","NABARD-P1-ARD-2021","1","187","27","ARD-2021-Q187","Fisheries and Aquaculture","Fish species, breeds and migration","ard-fish-species-breeds-and-migration-d80fedd9","b18b936d-e5ea-465b-b5aa-79984b4454f4","Q.187) Fastest growing indigenous fish in India?"
"Agriculture & Rural Development","dd3d3bf2-9da6-4525-a19f-48bf047adb35","NABARD-P1-ARD-2021","1","188","28","ARD-2021-Q188","Agronomy and Crop Production","Agro-climatic zones and crop regions","ard-agro-climatic-zones-and-crop-regions-b02b28dd","ea387796-758e-4954-815e-1d05efb0583d","Q.188) Haryana lies in which agro-climatic zone of India?"
"Agriculture & Rural Development","dd3d3bf2-9da6-4525-a19f-48bf047adb35","NABARD-P1-ARD-2021","1","189","29","ARD-2021-Q189","Animal Husbandry, Dairy and Poultry","Livestock terminology and management practices","ard-livestock-terminology-and-management-practices-8ac22bac","bf3067c3-81ec-454e-bbd7-8e933e7b0650","Q.189) Male sheep used for breeding purpose is ………"
"Agriculture & Rural Development","dd3d3bf2-9da6-4525-a19f-48bf047adb35","NABARD-P1-ARD-2021","1","190","30","ARD-2021-Q190","Animal Husbandry, Dairy and Poultry","Livestock sector contribution and statistics","ard-livestock-sector-contribution-and-statistics-e5b03188","8ab657c4-310b-40f2-bae0-0ccdf38b64a1","Q.190) As per National Accounts Statistics, Livestock sector contributed ……... per cent of total GVA in 2018-19."
"Agriculture & Rural Development","dd3d3bf2-9da6-4525-a19f-48bf047adb35","NABARD-P1-ARD-2021","1","191","31","ARD-2021-Q191","Horticulture and Plantation Crops","Branches of horticulture","ard-branches-of-horticulture-f05380c6","e421dbba-89f4-415c-b414-91cca768097f","Q.191) Study of fruits is called ……………"
"Agriculture & Rural Development","dd3d3bf2-9da6-4525-a19f-48bf047adb35","NABARD-P1-ARD-2021","1","192","32","ARD-2021-Q192","Horticulture and Plantation Crops","Orchard planting systems","ard-orchard-planting-systems-764aa89e","b9cefe10-0840-47e4-bfa3-f9ac991f775c","Q.192)One additional tree is planted in the center of each square planting method in ……….."
"Agriculture & Rural Development","dd3d3bf2-9da6-4525-a19f-48bf047adb35","NABARD-P1-ARD-2021","1","193","33","ARD-2021-Q193","Rural Development, Schemes and Institutions","Solar energy schemes in agriculture","ard-solar-energy-schemes-in-agriculture-db3c8676","e8986c82-946c-477c-b99b-7b397d0bff53","Q.193)What is the purpose of PM kusum scheme launched by Union Ministry of New and Renewable Energy (MNRE)?"
"Agriculture & Rural Development","dd3d3bf2-9da6-4525-a19f-48bf047adb35","NABARD-P1-ARD-2021","1","194","34","ARD-2021-Q194","Soil Science, Water and Agro-meteorology","Manures, fertilizers and biofertilizers","ard-manures-fertilizers-and-biofertilizers-baa7d9d5","8d24d126-a619-4bc3-aeec-5be600e82786","Q.194)Nitrogen content in urea is"
"Agriculture & Rural Development","dd3d3bf2-9da6-4525-a19f-48bf047adb35","NABARD-P1-ARD-2021","1","195","35","ARD-2021-Q195","Rural Development, Schemes and Institutions","Self-help groups and DAY-NRLM","ard-self-help-groups-and-day-nrlm-e87b9d68","a954ede1-8158-4a4b-88dc-41ae345656e4","Q.195)According to NRLM, maximum SHGs are in which state?"
"Agriculture & Rural Development","dd3d3bf2-9da6-4525-a19f-48bf047adb35","NABARD-P1-ARD-2021","1","196","36","ARD-2021-Q196","Soil Science, Water and Agro-meteorology","Climate change and emission reports","ard-climate-change-and-emission-reports-e3123cf2","85ea4765-4ffd-4dfe-bb10-00a7f070360b","Q.196)According to UNEP report, largest emitter of GHGs in 2019-20 in world is"
"Agriculture & Rural Development","dd3d3bf2-9da6-4525-a19f-48bf047adb35","NABARD-P1-ARD-2021","1","197","37","ARD-2021-Q197","Horticulture and Plantation Crops","Floriculture and flower export","ard-floriculture-and-flower-export-0064cb7d","3c5441c6-ea3b-46c4-a719-fe07f71a9cad","Q.197)According to APEDA, to which country, maximum flower is exported from India in terms of highest value?"
"Agriculture & Rural Development","dd3d3bf2-9da6-4525-a19f-48bf047adb35","NABARD-P1-ARD-2021","1","198","38","ARD-2021-Q198","Agronomy and Crop Production","Seed production, classes and certification","ard-seed-production-classes-and-certification-3edec708","c1033ba4-7102-467d-aa43-b58755117519","Q.198)………………government decides to produce its own seeds under brand name Sah-Beej."
"Agriculture & Rural Development","dd3d3bf2-9da6-4525-a19f-48bf047adb35","NABARD-P1-ARD-2021","1","199","39","ARD-2021-Q199","Agricultural Economics, Credit and Marketing","Value-chain and price stabilisation initiatives","ard-value-chain-and-price-stabilisation-initiatives-038079c6","f5fa251b-7dee-4eea-a75e-7de383b59006","Q.199)…………………launched Operation Greens scheme in November, 2018 for integrated development of Tomato, Onion and Potato ("
"Agriculture & Rural Development","dd3d3bf2-9da6-4525-a19f-48bf047adb35","NABARD-P1-ARD-2021","1","200","40","ARD-2021-Q200","Agronomy and Crop Production","Crop residue and by-products","ard-crop-residue-and-by-products-e8e6ca95","f06dae4a-15a5-4edf-a59e-8604a62fe495","Q.200)Highest residue after the harvesting is generated by which of the following crops?"
"Agriculture & Rural Development","dd3d3bf2-9da6-4525-a19f-48bf047adb35","NABARD-P1-ARD-2022-EVENING","1","161","1","ARD-2022-Q161","Horticulture and Plantation Crops","Scientific names of horticultural crops","ard-scientific-names-of-horticultural-crops-9e83e592","394bbcda-4887-4195-8292-3d355768982f","Q.161) Scientific name of Apple"
"Agriculture & Rural Development","dd3d3bf2-9da6-4525-a19f-48bf047adb35","NABARD-P1-ARD-2022-EVENING","1","162","2","ARD-2022-Q162","Animal Husbandry, Dairy and Poultry","Livestock terminology and management practices","ard-livestock-terminology-and-management-practices-8ac22bac","d7b2f042-933c-409f-bb55-dced85325ee3","Q.162) Young female of buffalo is called"
"Agriculture & Rural Development","dd3d3bf2-9da6-4525-a19f-48bf047adb35","NABARD-P1-ARD-2022-EVENING","1","163","3","ARD-2022-Q163","Rural Development, Schemes and Institutions","Direct income support to farmers","ard-direct-income-support-to-farmers-d6af2ca5","86d7e7c2-94b4-4007-958c-59f0ac01460c","Q.163) A scheme in which the Center transfers an amount of Rs 6,000 per year, in three equal installments, directly into"
"Agriculture & Rural Development","dd3d3bf2-9da6-4525-a19f-48bf047adb35","NABARD-P1-ARD-2022-EVENING","1","164","4","ARD-2022-Q164","Animal Husbandry, Dairy and Poultry","Livestock reproduction and gestation","ard-livestock-reproduction-and-gestation-af5125a2","dd05980e-640b-42b0-b503-bd2f3eb7eb26","Q.164) Separation of graafian follicle from the egg"
"Agriculture & Rural Development","dd3d3bf2-9da6-4525-a19f-48bf047adb35","NABARD-P1-ARD-2022-EVENING","1","165","5","ARD-2022-Q165","Rural Development, Schemes and Institutions","Rural employment and training programmes","ard-rural-employment-and-training-programmes-45432315","ee21319f-c8ef-4b5e-918d-47bed093c964","Q.165) TRYSEM is related to which of the following 344 | P a g e"
"Agriculture & Rural Development","dd3d3bf2-9da6-4525-a19f-48bf047adb35","NABARD-P1-ARD-2022-EVENING","1","166","6","ARD-2022-Q166","Agricultural Engineering, Mechanisation and Extension","Scope and definition of agronomy","ard-scope-and-definition-of-agronomy-fd1e1c14","715624db-4b03-4fef-9689-d1d6941b7f3e","Q.166) The scientific study of soil management and crop production, including irrigation and the use of herbicides, pest"
"Agriculture & Rural Development","dd3d3bf2-9da6-4525-a19f-48bf047adb35","NABARD-P1-ARD-2022-EVENING","1","167","7","ARD-2022-Q167","Horticulture and Plantation Crops","Branches of horticulture","ard-branches-of-horticulture-f05380c6","d349895d-08b4-46b1-8266-43873e45bf70","Q.167) The branch of ornamental horticulture concerned with growing and marketing flowers and foliage plants as well as "
"Agriculture & Rural Development","dd3d3bf2-9da6-4525-a19f-48bf047adb35","NABARD-P1-ARD-2022-EVENING","1","168","8","ARD-2022-Q168","Horticulture and Plantation Crops","Plant propagation methods","ard-plant-propagation-methods-51e57982","41194aee-522d-430d-98d7-c60c15ea239e","Q.168) Grape is vegetatively propagated through which of the following methods -"
"Agriculture & Rural Development","dd3d3bf2-9da6-4525-a19f-48bf047adb35","NABARD-P1-ARD-2022-EVENING","1","169","9","ARD-2022-Q169","Animal Husbandry, Dairy and Poultry","Dairy physiology and milk production","ard-dairy-physiology-and-milk-production-67b5201e","f23a3ffc-96ef-4a5e-abbd-6075607b0cd0","Q.169) Process of formation of mammary glands in cow is called"
"Agriculture & Rural Development","dd3d3bf2-9da6-4525-a19f-48bf047adb35","NABARD-P1-ARD-2022-EVENING","1","170","10","ARD-2022-Q170","Fisheries and Aquaculture","Fisheries institutions and marine exports","ard-fisheries-institutions-and-marine-exports-48791a80","d5def613-34fe-4f2c-a7a6-6725653f2aea","Q.170)The nodal agency for the holistic development of seafood industry, including export of marine products in India is"
"Agriculture & Rural Development","dd3d3bf2-9da6-4525-a19f-48bf047adb35","NABARD-P1-ARD-2022-EVENING","1","171","11","ARD-2022-Q171","Fisheries and Aquaculture","Fish species, breeds and migration","ard-fish-species-breeds-and-migration-d80fedd9","291478d9-5b5e-421b-abe5-f3b83ad640ed","Q.171) An exotic fish which adapted to Indian conditions"
"Agriculture & Rural Development","dd3d3bf2-9da6-4525-a19f-48bf047adb35","NABARD-P1-ARD-2022-EVENING","1","172","12","ARD-2022-Q172","Forestry and Agroforestry","Agroforestry systems","ard-agroforestry-systems-ef1aa2d0","afb5f01e-f08c-4339-8322-c4a54a014df9","Q.172) Which of the following agroforestry system is a combination of Agri-silviculture and Silvi- pasture where the lan"
"Agriculture & Rural Development","dd3d3bf2-9da6-4525-a19f-48bf047adb35","NABARD-P1-ARD-2022-EVENING","1","173","13","ARD-2022-Q173","Soil Science, Water and Agro-meteorology","Soil physical properties and soil moisture","ard-soil-physical-properties-and-soil-moisture-6599130c","8e1a07d7-68cc-4973-912a-351dea0824c5","Q.173) A condition in which micro pores of soil are filled with water due to rain or irrigation, it is called"
"Agriculture & Rural Development","dd3d3bf2-9da6-4525-a19f-48bf047adb35","NABARD-P1-ARD-2022-EVENING","1","174","14","ARD-2022-Q174","Plant Protection and Crop Health","Crop diseases and their causal agents","ard-crop-diseases-and-their-causal-agents-b59ad874","cc506f6b-594c-4966-8db9-cae35045181a","Q.174) A disease of citrus plants in which cracks develop in the bark and sap oozes out. Profuse gumming on the surface "
"Agriculture & Rural Development","dd3d3bf2-9da6-4525-a19f-48bf047adb35","NABARD-P1-ARD-2022-EVENING","1","175","15","ARD-2022-Q175","Animal Husbandry, Dairy and Poultry","Livestock sector contribution and statistics","ard-livestock-sector-contribution-and-statistics-e5b03188","e5396cec-f01f-443a-89b5-26def471e648","Q.175) GVA of livestock has been increased from 24.32% in 2014-15 to ……………in 2018-19"
"Agriculture & Rural Development","dd3d3bf2-9da6-4525-a19f-48bf047adb35","NABARD-P1-ARD-2022-EVENING","1","176","16","ARD-2022-Q176","Soil Science, Water and Agro-meteorology","Irrigation methods","ard-irrigation-methods-d3bd948d","14c9864c-6222-44dc-b774-b145e571cbb9","Q.176) ___ is an irrigation method which resembles natural rainfall. It reduces labor cost and land used in bunding and "
"Agriculture & Rural Development","dd3d3bf2-9da6-4525-a19f-48bf047adb35","NABARD-P1-ARD-2022-EVENING","1","177","17","ARD-2022-Q177","Animal Husbandry, Dairy and Poultry","Poultry production and management","ard-poultry-production-and-management-23203b34","ae9fb055-ac24-4dfb-900a-102cd9618289","Q.177) Incubation period of broiler ………….? 347 | P a g e"
"Agriculture & Rural Development","dd3d3bf2-9da6-4525-a19f-48bf047adb35","NABARD-P1-ARD-2022-EVENING","1","178","18","ARD-2022-Q178","Soil Science, Water and Agro-meteorology","Soil physical properties and soil moisture","ard-soil-physical-properties-and-soil-moisture-6599130c","d8785aed-4daa-4e59-bc7e-997d7f515408","Q.178) The light soil which need frequent irrigation and have low water retention capacity are"
"Agriculture & Rural Development","dd3d3bf2-9da6-4525-a19f-48bf047adb35","NABARD-P1-ARD-2022-EVENING","1","179","19","ARD-2022-Q179","Plant Protection and Crop Health","Crop diseases and their causal agents","ard-crop-diseases-and-their-causal-agents-b59ad874","18469bbc-f456-416f-bf5c-4241717e460a","Q.179) Bunchy top of banana, caused due to virus, is transmitted by"
"Agriculture & Rural Development","dd3d3bf2-9da6-4525-a19f-48bf047adb35","NABARD-P1-ARD-2022-EVENING","1","180","20","ARD-2022-Q180","Animal Husbandry, Dairy and Poultry","Poultry production and management","ard-poultry-production-and-management-23203b34","a38c8c87-0873-4171-8e81-a9ebdfe80fef","Q.180) A chicken that is raised specially for meat production?"
"Agriculture & Rural Development","dd3d3bf2-9da6-4525-a19f-48bf047adb35","NABARD-P1-ARD-2022-EVENING","1","181","21","ARD-2022-Q181","Animal Husbandry, Dairy and Poultry","Animal breeding methods","ard-animal-breeding-methods-4fd2ac1c","e316957b-bb50-485c-bd48-dd88d04941a5","Q.181) A crossing of two or more breeds and alternately mating the hybrid females over several generations with males of"
"Agriculture & Rural Development","dd3d3bf2-9da6-4525-a19f-48bf047adb35","NABARD-P1-ARD-2022-EVENING","1","182","22","ARD-2022-Q182","Animal Husbandry, Dairy and Poultry","Animal breeding methods","ard-animal-breeding-methods-4fd2ac1c","9a7e4b71-0513-4606-97b0-363ac9ed42c1","Q.182) Inter breeding of individuals of same breed which do not have common ancestors for 4 to 5 generations?"
"Agriculture & Rural Development","dd3d3bf2-9da6-4525-a19f-48bf047adb35","NABARD-P1-ARD-2022-EVENING","1","183","23","ARD-2022-Q183","Soil Science, Water and Agro-meteorology","Soil conservation and erosion control","ard-soil-conservation-and-erosion-control-b50e6128","43f8fa28-c9fd-4e1f-a78f-f65a46df8403","Q.183)The method of farming which involves cultivating a field partitioned into long, narrow strips which are alternated"
"Agriculture & Rural Development","dd3d3bf2-9da6-4525-a19f-48bf047adb35","NABARD-P1-ARD-2022-EVENING","1","184","24","ARD-2022-Q184","Agronomy and Crop Production","Cropping systems and cropping patterns","ard-cropping-systems-and-cropping-patterns-97da95cc","26fc8610-c2c5-4b21-a724-c0dde2e2f5f0","Q.184) ___ refers to the intensification of cropping in sequence on the same field per year the succeeding crop is plant"
"Agriculture & Rural Development","dd3d3bf2-9da6-4525-a19f-48bf047adb35","NABARD-P1-ARD-2022-EVENING","1","185","25","ARD-2022-Q185","Agricultural Engineering, Mechanisation and Extension","Extension teaching methods","ard-extension-teaching-methods-d65b9d96","16c46e8d-4b8b-4ffc-81b6-7aad0de75701","Q.185) Which method of extension is used for teaching a group of people new techniques and practices like preparing nurs"
"Agriculture & Rural Development","dd3d3bf2-9da6-4525-a19f-48bf047adb35","NABARD-P1-ARD-2022-EVENING","1","186","26","ARD-2022-Q186","Fisheries and Aquaculture","Fisheries schemes and sector development","ard-fisheries-schemes-and-sector-development-9a439d6d","587377a8-9b63-4b4b-af89-ea69d258e9da","Q.186) A flagship scheme of government which focuses on harnessing fisheries sector potential and aims to double the fis"
"Agriculture & Rural Development","dd3d3bf2-9da6-4525-a19f-48bf047adb35","NABARD-P1-ARD-2022-EVENING","1","187","27","ARD-2022-Q187","Horticulture and Plantation Crops","Plant propagation methods","ard-plant-propagation-methods-51e57982","4ad1e8ee-9f34-4cdf-8ef7-457d16c437b5","Q.187) A lateral branch arising from the base of main stem and which is used for propagation of some fruit plants is"
"Agriculture & Rural Development","dd3d3bf2-9da6-4525-a19f-48bf047adb35","NABARD-P1-ARD-2022-EVENING","1","188","28","ARD-2022-Q188","Agronomy and Crop Production","Plant morphology and reproduction","ard-plant-morphology-and-reproduction-11c20a19","97bb79af-9280-4d04-bb89-0c8d9798449d","Q.188) The transfer of pollens from the stamen to the stigma of the same flower or the stigma of another flower on same "
"Agriculture & Rural Development","dd3d3bf2-9da6-4525-a19f-48bf047adb35","NABARD-P1-ARD-2022-EVENING","1","189","29","ARD-2022-Q189","Agricultural Economics, Credit and Marketing","Minimum Support Price and procurement","ard-minimum-support-price-and-procurement-08bf1b90","961740cd-268f-412e-ae06-3bfbb174ca17","Q.189) Government of India announce MSP on the recommendation of"
"Agriculture & Rural Development","dd3d3bf2-9da6-4525-a19f-48bf047adb35","NABARD-P1-ARD-2022-EVENING","1","190","30","ARD-2022-Q190","Agricultural Economics, Credit and Marketing","Minimum Support Price and procurement","ard-minimum-support-price-and-procurement-08bf1b90","20a1d78d-0f13-4eb3-9bcd-c289c573d348","Q.190) MSP of Tur (Arhar) for the Kharif marketing season 2022-23 is Rs. ___"
"Agriculture & Rural Development","dd3d3bf2-9da6-4525-a19f-48bf047adb35","NABARD-P1-ARD-2022-EVENING","1","191","31","ARD-2022-Q191","Agricultural Engineering, Mechanisation and Extension","Agricultural research and extension system","ard-agricultural-research-and-extension-system-ef3db2e9","326d74f7-e6ae-4688-8ae5-7bc2e53015aa","Q.191) Which of the following forms a part of National Agricultural Research System (NARS), aimed at assessment of locat"
"Agriculture & Rural Development","dd3d3bf2-9da6-4525-a19f-48bf047adb35","NABARD-P1-ARD-2022-EVENING","1","192","32","ARD-2022-Q192","Rural Development, Schemes and Institutions","Rural housing (PMAY-G)","ard-rural-housing-pmay-g-d529747c","2dfd3007-7bde-48ae-bf30-104ec7190fc0","Q.192) Under PMAY- G, the size of a unit house, which includes a hygienic place for cooking is __"
"Agriculture & Rural Development","dd3d3bf2-9da6-4525-a19f-48bf047adb35","NABARD-P1-ARD-2022-EVENING","1","193","33","ARD-2022-Q193","Agronomy and Crop Production","Seed production, classes and certification","ard-seed-production-classes-and-certification-3edec708","aff397f7-3664-44fc-9906-25272ca3b798","Q.193) A pure seed of improved variety which is produced under the supervision of plant Breeder. It is used for the prod"
"Agriculture & Rural Development","dd3d3bf2-9da6-4525-a19f-48bf047adb35","NABARD-P1-ARD-2022-EVENING","1","194","34","ARD-2022-Q194","Agricultural Engineering, Mechanisation and Extension","Precision agriculture and digital tools","ard-precision-agriculture-and-digital-tools-67493941","8e5d8e77-168c-4cce-8156-1f3f827ec8b3","Q.194) A farming technique in which we make use of high technology sensor and analysis tools to identify, analyse and ma"
"Agriculture & Rural Development","dd3d3bf2-9da6-4525-a19f-48bf047adb35","NABARD-P1-ARD-2022-EVENING","1","195","35","ARD-2022-Q195","Soil Science, Water and Agro-meteorology","Irrigation engineering and lift irrigation","ard-irrigation-engineering-and-lift-irrigation-c3515ee1","57eca2a4-db8e-4ace-a888-77fc6d51dc82","Q.195) In Lift Irrigation Project, the total head is ___"
"Agriculture & Rural Development","dd3d3bf2-9da6-4525-a19f-48bf047adb35","NABARD-P1-ARD-2022-EVENING","1","196","36","ARD-2022-Q196","Agronomy and Crop Production","Crop production statistics and leading states","ard-crop-production-statistics-and-leading-states-76bd8597","d5e46adb-0b55-48f6-891b-5b59be02e87d","Q.196) According to 3rd Advance estimate of foodgrain production 2021-22, the total food grain production has been estim"
"Agriculture & Rural Development","dd3d3bf2-9da6-4525-a19f-48bf047adb35","NABARD-P1-ARD-2022-EVENING","1","197","37","ARD-2022-Q197","Fisheries and Aquaculture","Fisheries institutions and marine exports","ard-fisheries-institutions-and-marine-exports-48791a80","3535bff5-5b1d-48e1-8693-84811f43108a","Q.197) ____ established by MPEDA as an outreach organization for uplifting the livelihood of small-scale farmers through"
"Agriculture & Rural Development","dd3d3bf2-9da6-4525-a19f-48bf047adb35","NABARD-P1-ARD-2022-EVENING","1","198","38","ARD-2022-Q198","Rural Development, Schemes and Institutions","Rural demography and census","ard-rural-demography-and-census-5176c982","1c16b87a-cd78-43ed-ba9a-4ec9316e50a1","Q.198) According to Census 2011, what is the percentage of the rural workforce?"
"Agriculture & Rural Development","dd3d3bf2-9da6-4525-a19f-48bf047adb35","NABARD-P1-ARD-2022-EVENING","1","199","39","ARD-2022-Q199","Rural Development, Schemes and Institutions","Rural roads and PMGSY","ard-rural-roads-and-pmgsy-2cb50665","37779e8e-7436-4399-aa52-cb616f4d524c","Q.199)Identify the scheme which consolidate the existing rural road network by upgradation of existing ‘Through Routes’ "
"Agriculture & Rural Development","dd3d3bf2-9da6-4525-a19f-48bf047adb35","NABARD-P1-ARD-2022-EVENING","1","200","40","ARD-2022-Q200","Rural Development, Schemes and Institutions","Self-help groups and DAY-NRLM","ard-self-help-groups-and-day-nrlm-e87b9d68","92baf83e-bee7-43d2-bb08-c4270f5436ae","Q.200) Under the scheme DAY NRLM short term loans of Rs. 3 lakh are given to SHGs. It has a provision of additional inte"
"Agriculture & Rural Development","dd3d3bf2-9da6-4525-a19f-48bf047adb35","NABARD-P1-ARD-2022-MORNING","1","161","1","ARD-2022-Q161","Agricultural Economics, Credit and Marketing","Production economics and factors of production","ard-production-economics-and-factors-of-production-fffc9645","47d28763-1c61-444e-a413-700f63681a1b","Q.161) When major output is expected from per unit input focus is on factor of production (Land, Labour, Capital, Enterp"
"Agriculture & Rural Development","dd3d3bf2-9da6-4525-a19f-48bf047adb35","NABARD-P1-ARD-2022-MORNING","1","162","2","ARD-2022-Q162","Agricultural Economics, Credit and Marketing","Minimum Support Price and procurement","ard-minimum-support-price-and-procurement-08bf1b90","cb83c5ea-abe5-488a-ab4f-9218f9211e1a","Q.162) MSP of Lentil of Rabi Marketing Season (2020-21) is __________."
"Agriculture & Rural Development","dd3d3bf2-9da6-4525-a19f-48bf047adb35","NABARD-P1-ARD-2022-MORNING","1","163","3","ARD-2022-Q163","Rural Development, Schemes and Institutions","MGNREGA","ard-mgnrega-e34273e0","b6626ba5-e957-4df1-b803-1a847303d61c","Q.163) Apna Khet Apna Kaam is the scheme of under MGNREGA in which of the following state?"
"Agriculture & Rural Development","dd3d3bf2-9da6-4525-a19f-48bf047adb35","NABARD-P1-ARD-2022-MORNING","1","164","4","ARD-2022-Q164","Animal Husbandry, Dairy and Poultry","Livestock reproduction and gestation","ard-livestock-reproduction-and-gestation-af5125a2","6b7bc0f7-13e2-4f58-b177-03d9b46e6600","Q.164) Gestation period of Sheep is ____________."
"Agriculture & Rural Development","dd3d3bf2-9da6-4525-a19f-48bf047adb35","NABARD-P1-ARD-2022-MORNING","1","165","5","ARD-2022-Q165","Agricultural Engineering, Mechanisation and Extension","Agricultural education and institutions","ard-agricultural-education-and-institutions-24849997","019b2fb6-b436-4052-8634-f55f2d85305f","Q.165) Agriculture education day is celebrated on the birth anniversary of _______________."
"Agriculture & Rural Development","dd3d3bf2-9da6-4525-a19f-48bf047adb35","NABARD-P1-ARD-2022-MORNING","1","166","6","ARD-2022-Q166","Agronomy and Crop Production","Organic and natural farming","ard-organic-and-natural-farming-dd64ed70","8199829c-b756-4486-b786-a8b9ca08bd42","Q.166) A production system which avoids or largely excludes the use of synthetically compounded fertilizers, pesticides,"
"Agriculture & Rural Development","dd3d3bf2-9da6-4525-a19f-48bf047adb35","NABARD-P1-ARD-2022-MORNING","1","167","7","ARD-2022-Q167","Animal Husbandry, Dairy and Poultry","Poultry breeds","ard-poultry-breeds-97ff7bd1","343646e5-e2de-4fad-9f2c-00651f478ea7","Q.167) The popular breed of poultry which belongs to Italy."
"Agriculture & Rural Development","dd3d3bf2-9da6-4525-a19f-48bf047adb35","NABARD-P1-ARD-2022-MORNING","1","168","8","ARD-2022-Q168","Horticulture and Plantation Crops","Post-harvest physiology, maturity and ripening","ard-post-harvest-physiology-maturity-and-ripening-b99c260f","a6bd1964-7765-4e82-918b-75228d4a089b","Q.168) The process by which fruits attain their desirable flavour, quality, colour, palatable nature and other textural "
"Agriculture & Rural Development","dd3d3bf2-9da6-4525-a19f-48bf047adb35","NABARD-P1-ARD-2022-MORNING","1","169","9","ARD-2022-Q169","Animal Husbandry, Dairy and Poultry","Dairy physiology and milk production","ard-dairy-physiology-and-milk-production-67b5201e","fcf10b52-1cff-4733-94ff-b1608f820981","Q.169) Process of drop down of milk after the stimulation of oxytocin"
"Agriculture & Rural Development","dd3d3bf2-9da6-4525-a19f-48bf047adb35","NABARD-P1-ARD-2022-MORNING","1","170","10","ARD-2022-Q170","Soil Science, Water and Agro-meteorology","Plant nutrients, their functions and deficiency symptoms","ard-plant-nutrients-their-functions-and-deficiency-symptoms-55b74392","be8f3a69-33de-46dc-afd7-7069bd409b5c","Q.170) Development of interveinal chlorosis from bottom to top in later stages, purple colour and bronzing ultimately dr"
"Agriculture & Rural Development","dd3d3bf2-9da6-4525-a19f-48bf047adb35","NABARD-P1-ARD-2022-MORNING","1","171","11","ARD-2022-Q171","Agronomy and Crop Production","Plant morphology and reproduction","ard-plant-morphology-and-reproduction-11c20a19","ce8da7b8-0ee0-48a9-b07f-d1246328a7e2","Q.171) The modified stem that grow horizontally on the ground or below the ground are called___________."
"Agriculture & Rural Development","dd3d3bf2-9da6-4525-a19f-48bf047adb35","NABARD-P1-ARD-2022-MORNING","1","172","12","ARD-2022-Q172","Agricultural Economics, Credit and Marketing","e-NAM and agricultural marketing platforms","ard-e-nam-and-agricultural-marketing-platforms-3c1c5ff6","749330fa-b940-4ba3-9cd4-4634cc29caab","Q.172) __________ is a pan -India electronic trading portal which networks the existing APMC mandis to create a unified "
"Agriculture & Rural Development","dd3d3bf2-9da6-4525-a19f-48bf047adb35","NABARD-P1-ARD-2022-MORNING","1","173","13","ARD-2022-Q173","Rural Development, Schemes and Institutions","Rural demography and census","ard-rural-demography-and-census-5176c982","510cbf36-ba3d-4d34-a166-25403eefe430","Q.173) According to the census of India 2011, What is the Percentage of Rural Population of India"
"Agriculture & Rural Development","dd3d3bf2-9da6-4525-a19f-48bf047adb35","NABARD-P1-ARD-2022-MORNING","1","174","14","ARD-2022-Q174","Agricultural Economics, Credit and Marketing","Agriculture's contribution to gross value added","ard-agriculture-s-contribution-to-gross-value-added-22099611","2d9e5c55-9145-4f03-99b2-e8748bfa6794","Q.174) Contribution of agriculture and allied sector in Gross Value Added (GVA) for the 2021-22__________."
"Agriculture & Rural Development","dd3d3bf2-9da6-4525-a19f-48bf047adb35","NABARD-P1-ARD-2022-MORNING","1","175","15","ARD-2022-Q175","Agricultural Economics, Credit and Marketing","Farm management and cost accounting","ard-farm-management-and-cost-accounting-315421ce","93866b0d-0355-4f21-ab1b-aee7db615d2b","Q.175) In tractor economy, which of the following will be considered as fixed cost?"
"Agriculture & Rural Development","dd3d3bf2-9da6-4525-a19f-48bf047adb35","NABARD-P1-ARD-2022-MORNING","1","176","16","ARD-2022-Q176","Soil Science, Water and Agro-meteorology","Manures, fertilizers and biofertilizers","ard-manures-fertilizers-and-biofertilizers-baa7d9d5","38dc4c90-4d08-471e-b5ce-74bf04c3983e","Q.176) Substances that contain microorganisms, which when added to the soil increase its fertility and promotes plant gr"
"Agriculture & Rural Development","dd3d3bf2-9da6-4525-a19f-48bf047adb35","NABARD-P1-ARD-2022-MORNING","1","177","17","ARD-2022-Q177","Soil Science, Water and Agro-meteorology","Soil conservation and erosion control","ard-soil-conservation-and-erosion-control-b50e6128","73b6dd57-edf9-4534-9c0d-525ae2794f97","Q.177) What is the type of farming done along the contour of sloping land to avoid soil erosion with slope less than 33%"
"Agriculture & Rural Development","dd3d3bf2-9da6-4525-a19f-48bf047adb35","NABARD-P1-ARD-2022-MORNING","1","178","18","ARD-2022-Q178","Horticulture and Plantation Crops","Aromatic and medicinal plants","ard-aromatic-and-medicinal-plants-0b96b116","f199b132-73ab-4cb4-b12e-02e516918e0a","Q.178) Aromatic plant botanical name - export and produce in India for perfume and fragrance"
"Agriculture & Rural Development","dd3d3bf2-9da6-4525-a19f-48bf047adb35","NABARD-P1-ARD-2022-MORNING","1","179","19","ARD-2022-Q179","Soil Science, Water and Agro-meteorology","Soil physical properties and soil moisture","ard-soil-physical-properties-and-soil-moisture-6599130c","0c8be23a-6eb7-4813-8480-65688a401fce","Q.179) The water that held tightly on the surface of soil colloidal particle is known as …………….. It is essentially non-l"
"Agriculture & Rural Development","dd3d3bf2-9da6-4525-a19f-48bf047adb35","NABARD-P1-ARD-2022-MORNING","1","180","20","ARD-2022-Q180","Horticulture and Plantation Crops","Aromatic and medicinal plants","ard-aromatic-and-medicinal-plants-0b96b116","fc803fcb-cf78-4c22-bc5b-7d0273842621","Q.180) A wax like substance containing the natural flower perfume together with some plant waxes, albumin and colouring "
"Agriculture & Rural Development","dd3d3bf2-9da6-4525-a19f-48bf047adb35","NABARD-P1-ARD-2022-MORNING","1","181","21","ARD-2022-Q181","Plant Protection and Crop Health","Crop diseases and their causal agents","ard-crop-diseases-and-their-causal-agents-b59ad874","a7313195-da95-4324-be2b-81c40060373a","Q.181) Damping Off of Papaya symptoms"
"Agriculture & Rural Development","dd3d3bf2-9da6-4525-a19f-48bf047adb35","NABARD-P1-ARD-2022-MORNING","1","182","22","ARD-2022-Q182","Horticulture and Plantation Crops","Plant propagation methods","ard-plant-propagation-methods-51e57982","3cd358e3-a7a4-439e-932b-a0f3e8277b03","Q.182) Coconut is propagated through?"
"Agriculture & Rural Development","dd3d3bf2-9da6-4525-a19f-48bf047adb35","NABARD-P1-ARD-2022-MORNING","1","183","23","ARD-2022-Q183","Agronomy and Crop Production","Climate-smart and sustainable agriculture","ard-climate-smart-and-sustainable-agriculture-3132752a","224447a8-4a6a-4c57-8e2d-9d64d10f4a7e","Q.183) Climate smart agriculture does not include ______."
"Agriculture & Rural Development","dd3d3bf2-9da6-4525-a19f-48bf047adb35","NABARD-P1-ARD-2022-MORNING","1","184","24","ARD-2022-Q184","Agronomy and Crop Production","Climate-smart and sustainable agriculture","ard-climate-smart-and-sustainable-agriculture-3132752a","1da51ded-ca79-4bd0-aaa4-03f6bbf965a2","Q.184) Farming so as to meet society's present food and textile needs, without compromising the ability for current or f"
"Agriculture & Rural Development","dd3d3bf2-9da6-4525-a19f-48bf047adb35","NABARD-P1-ARD-2022-MORNING","1","185","25","ARD-2022-Q185","Soil Science, Water and Agro-meteorology","Plant nutrients, their functions and deficiency symptoms","ard-plant-nutrients-their-functions-and-deficiency-symptoms-55b74392","5b41a9cd-c95e-42e0-b0ec-966976045216","Q.185) The deficiency in plants can be visually identified at the early vegetative stage as an abnormally dark green or "
"Agriculture & Rural Development","dd3d3bf2-9da6-4525-a19f-48bf047adb35","NABARD-P1-ARD-2022-MORNING","1","186","26","ARD-2022-Q186","Forestry and Agroforestry","Forest tree species and taxonomy","ard-forest-tree-species-and-taxonomy-4809d8c6","03c7957c-815c-453d-9b5c-162140b43e08","Q.186) Botanical Name of Teak is called?"
"Agriculture & Rural Development","dd3d3bf2-9da6-4525-a19f-48bf047adb35","NABARD-P1-ARD-2022-MORNING","1","187","27","ARD-2022-Q187","Plant Protection and Crop Health","Crop diseases and their causal agents","ard-crop-diseases-and-their-causal-agents-b59ad874","b38410e2-bc79-4631-bf18-aea6ade0d163","Q.187) Whitish-gray powdery coating on the leaves or fruit. On leaves, initial symptoms appear as chlorotic spots on the"
"Agriculture & Rural Development","dd3d3bf2-9da6-4525-a19f-48bf047adb35","NABARD-P1-ARD-2022-MORNING","1","188","28","ARD-2022-Q188","Horticulture and Plantation Crops","Floriculture and flower export","ard-floriculture-and-flower-export-0064cb7d","0613a36a-4f07-45cc-934e-b33e72e3c24b","Q.188) Highest cut rose sold in which day of the year"
"Agriculture & Rural Development","dd3d3bf2-9da6-4525-a19f-48bf047adb35","NABARD-P1-ARD-2022-MORNING","1","189","29","ARD-2022-Q189","Agronomy and Crop Production","Crop physiology and productivity","ard-crop-physiology-and-productivity-ec35b2e2","18406b29-ae78-4f06-8613-0f2d7dbbb563","Q.189) Which organelle responsible for growth and development"
"Agriculture & Rural Development","dd3d3bf2-9da6-4525-a19f-48bf047adb35","NABARD-P1-ARD-2022-MORNING","1","190","30","ARD-2022-Q190","Animal Husbandry, Dairy and Poultry","Livestock terminology and management practices","ard-livestock-terminology-and-management-practices-8ac22bac","19c8fa6a-07e2-44fc-91d9-5d85d254c2c6","Q.190) Ram lamb is castrated at what age"
"Agriculture & Rural Development","dd3d3bf2-9da6-4525-a19f-48bf047adb35","NABARD-P1-ARD-2022-MORNING","1","191","31","ARD-2022-Q191","Fisheries and Aquaculture","Aquaculture systems and water quality","ard-aquaculture-systems-and-water-quality-8d07f0a7","addb388f-35de-4804-922b-0a5e19edcb04","Q.191) What should be the pH for the Fish-pond for fish culture?"
"Agriculture & Rural Development","dd3d3bf2-9da6-4525-a19f-48bf047adb35","NABARD-P1-ARD-2022-MORNING","1","192","32","ARD-2022-Q192","Forestry and Agroforestry","Agroforestry systems","ard-agroforestry-systems-ef1aa2d0","4574b558-4285-4781-aa6d-32b5fdf1a4ea","Q.192) Agroforestry system in which long fodder crops are grown to protect the soil, mulching and to prevent erosion."
"Agriculture & Rural Development","dd3d3bf2-9da6-4525-a19f-48bf047adb35","NABARD-P1-ARD-2022-MORNING","1","193","33","ARD-2022-Q193","Plant Protection and Crop Health","Crop pests and their management","ard-crop-pests-and-their-management-206db1af","41b95452-90ca-485b-9801-4f4a47cba147","Q.193) Grape’s leaf feeding in initial stage and complete defoliation is caused by"
"Agriculture & Rural Development","dd3d3bf2-9da6-4525-a19f-48bf047adb35","NABARD-P1-ARD-2022-MORNING","1","194","34","ARD-2022-Q194","Forestry and Agroforestry","Forest management and community forestry","ard-forest-management-and-community-forestry-39e845dd","1280c1c4-dcd0-4b9b-8400-b1891c7d9f5a","Q.194) __________ involves the participation and collaboration of various stakeholders including community, government a"
"Agriculture & Rural Development","dd3d3bf2-9da6-4525-a19f-48bf047adb35","NABARD-P1-ARD-2022-MORNING","1","195","35","ARD-2022-Q195","Agricultural Economics, Credit and Marketing","Agriculture's contribution to gross value added","ard-agriculture-s-contribution-to-gross-value-added-22099611","0dec7b2b-c4da-4283-b16d-594bb7211e41","Q.195) What is the GVA share of agriculture sector according to the First Income estimates"
"Agriculture & Rural Development","dd3d3bf2-9da6-4525-a19f-48bf047adb35","NABARD-P1-ARD-2022-MORNING","1","196","36","ARD-2022-Q196","Soil Science, Water and Agro-meteorology","Watershed management","ard-watershed-management-f736bee0","ed5211f2-55ef-4e9a-9f92-a435641006dd","Q.196) Any surface area from which runoff resulting from rainfall is collected and drained through a common point."
"Agriculture & Rural Development","dd3d3bf2-9da6-4525-a19f-48bf047adb35","NABARD-P1-ARD-2022-MORNING","1","197","37","ARD-2022-Q197","Soil Science, Water and Agro-meteorology","Soil health management and testing","ard-soil-health-management-and-testing-a8f440e2","434b015e-99e7-45f8-b11c-49de5540da4c","Q.197) Scheme which is used to assess the current status of soil health and, when used over time, to determine changes i"
"Agriculture & Rural Development","dd3d3bf2-9da6-4525-a19f-48bf047adb35","NABARD-P1-ARD-2022-MORNING","1","198","38","ARD-2022-Q198","Agricultural Engineering, Mechanisation and Extension","Agricultural research and extension system","ard-agricultural-research-and-extension-system-ef3db2e9","706a3a71-bd03-40cd-8f63-14572305f9d7","Q.198) An integral part of the National Agricultural Research System (NARS), aims at assessment of location specific tec"
"Agriculture & Rural Development","dd3d3bf2-9da6-4525-a19f-48bf047adb35","NABARD-P1-ARD-2022-MORNING","1","199","39","ARD-2022-Q199","Rural Development, Schemes and Institutions","Farmer welfare schemes and grievance portals","ard-farmer-welfare-schemes-and-grievance-portals-987321f6","91a760df-8637-4c5a-97b9-583a73819053","Q.199) Scheme for the solution of all the problems of farmers"
"Agriculture & Rural Development","dd3d3bf2-9da6-4525-a19f-48bf047adb35","NABARD-P1-ARD-2022-MORNING","1","200","40","ARD-2022-Q200","Fisheries and Aquaculture","Fish species, breeds and migration","ard-fish-species-breeds-and-migration-d80fedd9","e87c2ebf-7a44-4b8d-937d-e67d21b788f2","Q.200) Which one of the following is Indian Major Carps"
"Agriculture & Rural Development","dd3d3bf2-9da6-4525-a19f-48bf047adb35","NABARD-P1-ARD-2023","1","1","1","ARD-2023-Q001","Horticulture and Plantation Crops","Scientific names of horticultural crops","ard-scientific-names-of-horticultural-crops-9e83e592","1fa6dcbf-f5e7-4b5b-9c46-72446dbde8d0","Q.1) What is the scientific name of Carnation?"
"Agriculture & Rural Development","dd3d3bf2-9da6-4525-a19f-48bf047adb35","NABARD-P1-ARD-2023","1","2","2","ARD-2023-Q002","Soil Science, Water and Agro-meteorology","Soil conservation and erosion control","ard-soil-conservation-and-erosion-control-b50e6128","5bc7d8ec-56bf-4a2c-b81b-864ba9e5be89","Q.2) What is the term for the stage of erosion when it becomes exhaustive, leading to the formation of finger-like proje"
"Agriculture & Rural Development","dd3d3bf2-9da6-4525-a19f-48bf047adb35","NABARD-P1-ARD-2023","1","3","3","ARD-2023-Q003","Soil Science, Water and Agro-meteorology","Agro-meteorology, rainfall and instruments","ard-agro-meteorology-rainfall-and-instruments-1970b919","c513c955-3494-4ffd-b494-b159bb493a5c","Q.3) What is the period of southwest monsoon?"
"Agriculture & Rural Development","dd3d3bf2-9da6-4525-a19f-48bf047adb35","NABARD-P1-ARD-2023","1","4","4","ARD-2023-Q004","Agricultural Economics, Credit and Marketing","Minimum Support Price and procurement","ard-minimum-support-price-and-procurement-08bf1b90","612d7ea4-59bb-41df-976f-8ee57a46655e","Q.4) MSP is recommended by which of the following institutes?"
"Agriculture & Rural Development","dd3d3bf2-9da6-4525-a19f-48bf047adb35","NABARD-P1-ARD-2023","1","5","5","ARD-2023-Q005","Agricultural Engineering, Mechanisation and Extension","Post-harvest storage, grading and losses","ard-post-harvest-storage-grading-and-losses-cb1ee86d","0090c865-1338-4ee2-a5f1-773481ef40fe","Q.5) What is the optimum storage moisture percentage for food grains?"
"Agriculture & Rural Development","dd3d3bf2-9da6-4525-a19f-48bf047adb35","NABARD-P1-ARD-2023","1","6","6","ARD-2023-Q006","Soil Science, Water and Agro-meteorology","Soil physical properties and soil moisture","ard-soil-physical-properties-and-soil-moisture-6599130c","7abc3972-1ff2-4505-8a6e-9eac5fd156dd","Q.6) Which of the following soil types have the least particle density?"
"Agriculture & Rural Development","dd3d3bf2-9da6-4525-a19f-48bf047adb35","NABARD-P1-ARD-2023","1","7","7","ARD-2023-Q007","Soil Science, Water and Agro-meteorology","Manures, fertilizers and biofertilizers","ard-manures-fertilizers-and-biofertilizers-baa7d9d5","f02ae168-21ec-476f-bad6-6ee4bda6a860","Q.7) Which of the following biofertilizers is not used in nonlegume crops?"
"Agriculture & Rural Development","dd3d3bf2-9da6-4525-a19f-48bf047adb35","NABARD-P1-ARD-2023","1","8","8","ARD-2023-Q008","Fisheries and Aquaculture","Aquaculture systems and water quality","ard-aquaculture-systems-and-water-quality-8d07f0a7","46df77e9-63c5-47ca-9cc5-772c11c56b98","Q.8) What should be the optimum range of Dissolved Oxygen for fish to grow?"
"Agriculture & Rural Development","dd3d3bf2-9da6-4525-a19f-48bf047adb35","NABARD-P1-ARD-2023","1","9","9","ARD-2023-Q009","Soil Science, Water and Agro-meteorology","Irrigation projects and command area classification","ard-irrigation-projects-and-command-area-classification-657dc57b","95777e42-3a55-4c18-8fd6-d79aa15db1bc","Q.9) Which of the following Irrigation projects have a Culturable Command Area of 2000 to 10,000 ha area?"
"Agriculture & Rural Development","dd3d3bf2-9da6-4525-a19f-48bf047adb35","NABARD-P1-ARD-2023","1","10","10","ARD-2023-Q010","Animal Husbandry, Dairy and Poultry","Livestock terminology and management practices","ard-livestock-terminology-and-management-practices-8ac22bac","856ec76c-fc1f-48bb-bebb-cf5333d46920","Q.10) What is the term used for doing the castrated female pig?"
"Agriculture & Rural Development","dd3d3bf2-9da6-4525-a19f-48bf047adb35","NABARD-P1-ARD-2023","1","11","11","ARD-2023-Q011","Agricultural Economics, Credit and Marketing","Farm management and cost accounting","ard-farm-management-and-cost-accounting-315421ce","091d865d-d059-4dea-844a-b84a18ca8b32","Q.11) Which of the following is the operational cost of a Tractor?"
"Agriculture & Rural Development","dd3d3bf2-9da6-4525-a19f-48bf047adb35","NABARD-P1-ARD-2023","1","12","12","ARD-2023-Q012","Agricultural Engineering, Mechanisation and Extension","Extension teaching methods","ard-extension-teaching-methods-d65b9d96","1898d86d-6971-4d02-897d-ad2a9a92701f","Q.12) Which of the following extension teaching methods shows a group of farmers how something is done step by step for "
"Agriculture & Rural Development","dd3d3bf2-9da6-4525-a19f-48bf047adb35","NABARD-P1-ARD-2023","1","13","13","ARD-2023-Q013","Animal Husbandry, Dairy and Poultry","Cattle breeds","ard-cattle-breeds-c6fbb93e","22451541-2f03-4b7c-b929-7c41c4370bfd","Q.13) Which of the following is a milch and drought-purpose cattle breed that originated from Nashik and Ahmednagar of M"
"Agriculture & Rural Development","dd3d3bf2-9da6-4525-a19f-48bf047adb35","NABARD-P1-ARD-2023","1","14","14","ARD-2023-Q014","Animal Husbandry, Dairy and Poultry","Poultry production and management","ard-poultry-production-and-management-23203b34","ac6cd0bf-fb42-4146-b5ef-354d58a9c670","Q.14) What is the term for a chicken with tender meat that weighs between 1.5 to 2 kilograms?"
"Agriculture & Rural Development","dd3d3bf2-9da6-4525-a19f-48bf047adb35","NABARD-P1-ARD-2023","1","15","15","ARD-2023-Q015","Animal Husbandry, Dairy and Poultry","Poultry production and management","ard-poultry-production-and-management-23203b34","4d1ac1f6-6fae-4865-9dbf-86848233e1ab","Q.15) What is the period during which layers in poultry are economical?"
"Agriculture & Rural Development","dd3d3bf2-9da6-4525-a19f-48bf047adb35","NABARD-P1-ARD-2023","1","16","16","ARD-2023-Q016","Agronomy and Crop Production","Seed production, classes and certification","ard-seed-production-classes-and-certification-3edec708","b61d155f-34bd-493e-9625-f555b231f4fe","Q.16) What is the tag colour for certified seed?"
"Agriculture & Rural Development","dd3d3bf2-9da6-4525-a19f-48bf047adb35","NABARD-P1-ARD-2023","1","17","17","ARD-2023-Q017","Soil Science, Water and Agro-meteorology","Soil chemical properties and salinity","ard-soil-chemical-properties-and-salinity-003f2da2","f7b617f1-30e9-4347-ad65-5d080aca3c4f","Q.17) Salt concentration in soil is measured by electrical conductivity. What is the S.I. unit of EC?"
"Agriculture & Rural Development","dd3d3bf2-9da6-4525-a19f-48bf047adb35","NABARD-P1-ARD-2023","1","18","18","ARD-2023-Q018","Forestry and Agroforestry","Forest tree species and taxonomy","ard-forest-tree-species-and-taxonomy-4809d8c6","73b50064-1866-4569-a5f6-d9560f93785d","Q.18) Acacia catechu belong to which of the following family?"
"Agriculture & Rural Development","dd3d3bf2-9da6-4525-a19f-48bf047adb35","NABARD-P1-ARD-2023","1","19","19","ARD-2023-Q019","Agronomy and Crop Production","Rainfed and dryland farming","ard-rainfed-and-dryland-farming-774ca52a","dfdbd9eb-a37b-49bc-87a6-ba46180a9e7c","Q.19) Which type of agriculture receives the rainfall between 750- 1150mm?"
"Agriculture & Rural Development","dd3d3bf2-9da6-4525-a19f-48bf047adb35","NABARD-P1-ARD-2023","1","20","20","ARD-2023-Q020","Agronomy and Crop Production","Field crops: characteristics and composition","ard-field-crops-characteristics-and-composition-0ee2fe15","5aee064a-4372-410b-a3ca-7bcc4a227ad2","Q.20) Groundnuts have ___ protein and ____ oil content."
"Agriculture & Rural Development","dd3d3bf2-9da6-4525-a19f-48bf047adb35","NABARD-P1-ARD-2023","1","21","21","ARD-2023-Q021","Animal Husbandry, Dairy and Poultry","Livestock terminology and management practices","ard-livestock-terminology-and-management-practices-8ac22bac","c117b4d8-e9ef-44c4-a59e-bc62fd38c927","Q.21) What is the term used when young ones are separated before giving a chance for mothers to nurture them?"
"Agriculture & Rural Development","dd3d3bf2-9da6-4525-a19f-48bf047adb35","NABARD-P1-ARD-2023","1","22","22","ARD-2023-Q022","Agronomy and Crop Production","Cropping systems and cropping patterns","ard-cropping-systems-and-cropping-patterns-97da95cc","74aee040-27fd-46ed-b514-5902bfbe712d","Q.22) Which of the following involves raising morphologically and physiologically different crops that complement each o"
"Agriculture & Rural Development","dd3d3bf2-9da6-4525-a19f-48bf047adb35","NABARD-P1-ARD-2023","1","23","23","ARD-2023-Q023","Soil Science, Water and Agro-meteorology","Rocks, minerals and soil formation","ard-rocks-minerals-and-soil-formation-efcf3281","7ad4a692-652e-411d-906c-2d62652c8b41","Q.23) Which rock is formed from the weathering of other rocks?"
"Agriculture & Rural Development","dd3d3bf2-9da6-4525-a19f-48bf047adb35","NABARD-P1-ARD-2023","1","24","24","ARD-2023-Q024","Horticulture and Plantation Crops","Training and pruning","ard-training-and-pruning-003a99a3","e9ffca75-067e-4343-b915-ebcdd50bcbce","Q.24) Which among the following is the objective of pruning?"
"Agriculture & Rural Development","dd3d3bf2-9da6-4525-a19f-48bf047adb35","NABARD-P1-ARD-2023","1","25","25","ARD-2023-Q025","Agricultural Engineering, Mechanisation and Extension","Farm power and rural electrification","ard-farm-power-and-rural-electrification-27dbf73c","709f558c-ce36-4df4-a404-cdb3edb75723","Q.25) Which instrument is used to change voltage without changing frequency?"
"Agriculture & Rural Development","dd3d3bf2-9da6-4525-a19f-48bf047adb35","NABARD-P1-ARD-2023","1","26","26","ARD-2023-Q026","Forestry and Agroforestry","Forest regeneration and nursery practice","ard-forest-regeneration-and-nursery-practice-9a601f5b","60713784-933c-462f-ac84-8e32c115e2b5","Q.26) Which of the following is correct regarding seed propagation in Forest Management?"
"Agriculture & Rural Development","dd3d3bf2-9da6-4525-a19f-48bf047adb35","NABARD-P1-ARD-2023","1","27","27","ARD-2023-Q027","Agricultural Economics, Credit and Marketing","Priority sector lending and RIDF","ard-priority-sector-lending-and-ridf-f05ce94f","b5212ab9-20ab-4fb5-9b99-281a3e603f41","Q.27) What is the RBI lending target for small marginal farmers?"
"Agriculture & Rural Development","dd3d3bf2-9da6-4525-a19f-48bf047adb35","NABARD-P1-ARD-2023","1","28","28","ARD-2023-Q028","Agricultural Economics, Credit and Marketing","Crop insurance and yield thresholds","ard-crop-insurance-and-yield-thresholds-f90cc0f1","a1fd8fe3-a280-41d1-8919-bc207d93e99a","Q.28) The threshold yield for a crop in a notified insurance unit is the average yield of the past seven years (excludin"
"Agriculture & Rural Development","dd3d3bf2-9da6-4525-a19f-48bf047adb35","NABARD-P1-ARD-2023","1","29","29","ARD-2023-Q029","Soil Science, Water and Agro-meteorology","Rocks, minerals and soil formation","ard-rocks-minerals-and-soil-formation-efcf3281","1e733219-314d-46be-8899-455b30e4c955","Q.29) In which of the following chemical weathering processes water molecule is being added to the chemical structure of"
"Agriculture & Rural Development","dd3d3bf2-9da6-4525-a19f-48bf047adb35","NABARD-P1-ARD-2023","1","30","30","ARD-2023-Q030","Agricultural Engineering, Mechanisation and Extension","Post-harvest storage, grading and losses","ard-post-harvest-storage-grading-and-losses-cb1ee86d","463d180b-c463-4a4e-ba24-b4a9bcb5b684","Q.30) Which of the following is the process of assessing and sorting different classes or standards of fruit based on si"
"Agriculture & Rural Development","dd3d3bf2-9da6-4525-a19f-48bf047adb35","NABARD-P1-ARD-2023","1","31","31","ARD-2023-Q031","Rural Development, Schemes and Institutions","Food security and the public distribution system","ard-food-security-and-the-public-distribution-system-da810701","c272dc85-abf3-4174-8b1d-521d0ebbc09a","Q.31) Under which of the following schemes the government has announced the distribution of free grain?"
"Agriculture & Rural Development","dd3d3bf2-9da6-4525-a19f-48bf047adb35","NABARD-P1-ARD-2023","1","32","32","ARD-2023-Q032","Rural Development, Schemes and Institutions","MGNREGA","ard-mgnrega-e34273e0","1306b573-9195-498c-8021-b708fb729b41","Q.32) The Central government provides additional ______ of work in drought-hit areas under the MGNREGA scheme to provide"
"Agriculture & Rural Development","dd3d3bf2-9da6-4525-a19f-48bf047adb35","NABARD-P1-ARD-2023","1","33","33","ARD-2023-Q033","Rural Development, Schemes and Institutions","Self-help groups and DAY-NRLM","ard-self-help-groups-and-day-nrlm-e87b9d68","7fbfde77-a518-46f9-89ec-f72e8a34b944","Q.33) DAY-NRLM has a provision for interest subvention, to cover the difference between the Lending Rate of the banks an"
"Agriculture & Rural Development","dd3d3bf2-9da6-4525-a19f-48bf047adb35","NABARD-P1-ARD-2023","1","34","34","ARD-2023-Q034","Rural Development, Schemes and Institutions","Sanitation and drinking water missions","ard-sanitation-and-drinking-water-missions-1e7dd5d7","9a5e2391-b34e-4eaf-ae57-57819765e85d","Q.34) Under Jal Jeevan Mission (Rural) the mission is to provide ________ of water per person per day to every rural hou"
"Agriculture & Rural Development","dd3d3bf2-9da6-4525-a19f-48bf047adb35","NABARD-P1-ARD-2023","1","35","35","ARD-2023-Q035","Rural Development, Schemes and Institutions","Sanitation and drinking water missions","ard-sanitation-and-drinking-water-missions-1e7dd5d7","95198528-8198-4433-8f6a-caf4f8c7a66a","Q.35) SBM(G) Phase-II will be implemented from 2020-21 to _______ in a mission mode."
"Agriculture & Rural Development","dd3d3bf2-9da6-4525-a19f-48bf047adb35","NABARD-P1-ARD-2023","1","36","36","ARD-2023-Q036","Soil Science, Water and Agro-meteorology","Climate change and emission reports","ard-climate-change-and-emission-reports-e3123cf2","b54ea5ea-c507-401c-be12-b883a359d213","Q.36) Which of the following greenhouse is released in Volcanic eruption, Animal respiration, and anthropologic activiti"
"Agriculture & Rural Development","dd3d3bf2-9da6-4525-a19f-48bf047adb35","NABARD-P1-ARD-2023","1","37","37","ARD-2023-Q037","Agricultural Economics, Credit and Marketing","e-NAM and agricultural marketing platforms","ard-e-nam-and-agricultural-marketing-platforms-3c1c5ff6","a57b121e-8f08-4adc-a90a-c5c388f13b74","Q.37) Which of the following is a pan-India electronic trading portal that networks the existing APMC mandis to create a"
"Agriculture & Rural Development","dd3d3bf2-9da6-4525-a19f-48bf047adb35","NABARD-P1-ARD-2023","1","38","38","ARD-2023-Q038","Agricultural Economics, Credit and Marketing","Kisan Credit Card and agricultural credit targets","ard-kisan-credit-card-and-agricultural-credit-targets-1b663009","8efc6ad6-e658-43ba-9a7c-5bd365c8cb70","Q.38) Credit target for agriculture and allied sector has been announced to be increased to ______ crore with a focus on"
"Agriculture & Rural Development","dd3d3bf2-9da6-4525-a19f-48bf047adb35","NABARD-P1-ARD-2023","1","39","39","ARD-2023-Q039","Soil Science, Water and Agro-meteorology","Soil moisture conservation practices","ard-soil-moisture-conservation-practices-bbf02983","9ade5709-29e8-4e04-abc5-1359bf9fb7ff","Q.39) In which of the following ridges are crossed by earth bands within the furrow or ties constructed to enhance soil "
"Agriculture & Rural Development","dd3d3bf2-9da6-4525-a19f-48bf047adb35","NABARD-P1-ARD-2023","1","40","40","ARD-2023-Q040","Soil Science, Water and Agro-meteorology","Irrigation methods","ard-irrigation-methods-d3bd948d","5ffa3c56-1976-47fc-bd61-fa2f129f88df","Q.40) Which of the following is the correct statement regarding drip irrigation?"
"Agriculture & Rural Development","dd3d3bf2-9da6-4525-a19f-48bf047adb35","NABARD-P2-ARD-2020","2","1","1","ARD-2020-Q001","Agronomy and Crop Production","Organic and natural farming","ard-organic-and-natural-farming-dd64ed70","f7f428aa-ebf8-4af7-b9bf-12cfbb57be85","Q.1) Based on the statements mentioned below find the type of farming system? Statement I – Use of less herbicides State"
"Agriculture & Rural Development","dd3d3bf2-9da6-4525-a19f-48bf047adb35","NABARD-P2-ARD-2020","2","2","2","ARD-2020-Q002","Horticulture and Plantation Crops","Mushroom cultivation","ard-mushroom-cultivation-cc6618ae","d94043e9-7378-4df9-b04a-0040948ee376","Q.2) What is the kind of mushroom that ages well and forms gills and wrinkled umbrella?"
"Agriculture & Rural Development","dd3d3bf2-9da6-4525-a19f-48bf047adb35","NABARD-P2-ARD-2020","2","3","3","ARD-2020-Q003","Agricultural Economics, Credit and Marketing","Agricultural revolutions","ard-agricultural-revolutions-f75a3ef4","e691e15f-1050-456a-8c02-81a653e1448b","Q.3) Blue revolution is related to?"
"Agriculture & Rural Development","dd3d3bf2-9da6-4525-a19f-48bf047adb35","NABARD-P2-ARD-2020","2","4","4","ARD-2020-Q004","Animal Husbandry, Dairy and Poultry","Dairy physiology and milk production","ard-dairy-physiology-and-milk-production-67b5201e","387f4613-3055-4110-892f-02786bd03782","Q.4) What is the first milk produced by animals which is highly nutritious?"
"Agriculture & Rural Development","dd3d3bf2-9da6-4525-a19f-48bf047adb35","NABARD-P2-ARD-2020","2","5","5","ARD-2020-Q005","Agricultural Engineering, Mechanisation and Extension","Farm implements and mechanisation","ard-farm-implements-and-mechanisation-635cd7ec","94a4413a-cbe5-4b31-abc0-cc4f512c5310","Q.5) Which of the following tillage implements perform harrowing action with rotating with stell discs"
"Agriculture & Rural Development","dd3d3bf2-9da6-4525-a19f-48bf047adb35","NABARD-P2-ARD-2020","2","6","6","ARD-2020-Q006","Forestry and Agroforestry","Agroforestry systems","ard-agroforestry-systems-ef1aa2d0","2eb6a5eb-18d2-48b1-8857-7b61183c487d","Q.6) What is the kind of forestry system which contains Trees, Crops, Pasteur for livestock?"
"Agriculture & Rural Development","dd3d3bf2-9da6-4525-a19f-48bf047adb35","NABARD-P2-ARD-2020","2","7","7","ARD-2020-Q007","Forestry and Agroforestry","Forest management and community forestry","ard-forest-management-and-community-forestry-39e845dd","f325ef63-e37c-4586-8049-3b1b1fbcafa6","Q.7) What is the kind of forestry system- for the community, to the community and by the community?"
"Agriculture & Rural Development","dd3d3bf2-9da6-4525-a19f-48bf047adb35","NABARD-P2-ARD-2020","2","8","8","ARD-2020-Q008","Agricultural Economics, Credit and Marketing","Operational land holdings and farm size classification","ard-operational-land-holdings-and-farm-size-classification-b394fb0e","cded986c-43c8-4be9-906f-b14c9f1c19d0","Q.8) As per the classification of type of farmers in India based land holding, what would be the land holding of margina"
"Agriculture & Rural Development","dd3d3bf2-9da6-4525-a19f-48bf047adb35","NABARD-P2-ARD-2020","2","9","9","ARD-2020-Q009","Animal Husbandry, Dairy and Poultry","Cattle breeds","ard-cattle-breeds-c6fbb93e","40e3ea33-421f-4749-bbe6-1c0943bae764","Q.9) Which is the best milk yielding indigenous breed of cattle?"
"Agriculture & Rural Development","dd3d3bf2-9da6-4525-a19f-48bf047adb35","NABARD-P2-ARD-2020","2","10","10","ARD-2020-Q010","Animal Husbandry, Dairy and Poultry","Sheep and goat breeds","ard-sheep-and-goat-breeds-8d8a2774","336bf21b-6201-49e2-b33b-1e76fd0e0601","Q.10) Which of the following breeds of sheep is famous for its finest carpet wool?"
"Agriculture & Rural Development","dd3d3bf2-9da6-4525-a19f-48bf047adb35","NABARD-P2-ARD-2020","2","11","11","ARD-2020-Q011","Soil Science, Water and Agro-meteorology","Soil classification systems and soil orders","ard-soil-classification-systems-and-soil-orders-6d6328e0","12a43f9a-cbdc-470f-9ad1-81bf1215fcd3","Q.11) Which type of soil classification is acceptable for soils in India?"
"Agriculture & Rural Development","dd3d3bf2-9da6-4525-a19f-48bf047adb35","NABARD-P2-ARD-2020","2","12","12","ARD-2020-Q012","Soil Science, Water and Agro-meteorology","Soil types and their distribution in India","ard-soil-types-and-their-distribution-in-india-f1275c3b","cb98b623-c208-4efc-8235-54075f5239fa","Q.12) Which type of soils occupy the maximum area in India?"
"Agriculture & Rural Development","dd3d3bf2-9da6-4525-a19f-48bf047adb35","NABARD-P2-ARD-2020","2","13","13","ARD-2020-Q013","Soil Science, Water and Agro-meteorology","Soil classification systems and soil orders","ard-soil-classification-systems-and-soil-orders-6d6328e0","efb8b3a9-f6f0-4c18-9480-bd06519a2bdd","Q.13) What is the soil order that is low in plant nutrients but high in Boron?"
"Agriculture & Rural Development","dd3d3bf2-9da6-4525-a19f-48bf047adb35","NABARD-P2-ARD-2020","2","14","14","ARD-2020-Q014","Soil Science, Water and Agro-meteorology","Soil physical properties and soil moisture","ard-soil-physical-properties-and-soil-moisture-6599130c","953d413b-2af4-44f8-9a9c-e916e76838ae","Q.14) What is the amount of soil moisture present in each volume of soil at a given time?"
"Agriculture & Rural Development","dd3d3bf2-9da6-4525-a19f-48bf047adb35","NABARD-P2-ARD-2020","2","15","15","ARD-2020-Q015","Soil Science, Water and Agro-meteorology","Irrigation coverage and statistics","ard-irrigation-coverage-and-statistics-e7ab50cf","11565e98-3865-4c57-9807-f73580b564d5","Q.15) In India, net irrigated area has increased over time. Gross irrigation area is more than net irrigation area. Para"
"Agriculture & Rural Development","dd3d3bf2-9da6-4525-a19f-48bf047adb35","NABARD-P2-ARD-2020","2","16","16","ARD-2020-Q016","Soil Science, Water and Agro-meteorology","Irrigation coverage and statistics","ard-irrigation-coverage-and-statistics-e7ab50cf","05cdbb35-80b7-428f-b7ba-b00608b73aec","Q.16) The proportion area irrigated is high in which state?"
"Agriculture & Rural Development","dd3d3bf2-9da6-4525-a19f-48bf047adb35","NABARD-P2-ARD-2020","2","17","17","ARD-2020-Q017","Agricultural Engineering, Mechanisation and Extension","Post-harvest storage, grading and losses","ard-post-harvest-storage-grading-and-losses-cb1ee86d","efce24c4-16ac-4fc0-b215-fd42841a29ba","Q.17) What is post-harvest loss of vegetables and fruits in India?"
"Agriculture & Rural Development","dd3d3bf2-9da6-4525-a19f-48bf047adb35","NABARD-P2-ARD-2020","2","18","18","ARD-2020-Q018","Horticulture and Plantation Crops","Post-harvest physiology, maturity and ripening","ard-post-harvest-physiology-maturity-and-ripening-b99c260f","f3a9df8d-7f09-4a41-b6fc-abca242e2e43","Q.18) Which of the following pairs of fruits are semi-perishable?"
"Agriculture & Rural Development","dd3d3bf2-9da6-4525-a19f-48bf047adb35","NABARD-P2-ARD-2020","2","19","19","ARD-2020-Q019","Horticulture and Plantation Crops","Post-harvest physiology, maturity and ripening","ard-post-harvest-physiology-maturity-and-ripening-b99c260f","fc6e9cfb-da2e-4904-8919-e013a2663e5a","Q.19) Which type or section of Maturity index of Jackfruit which differentiates from mango?"
"Agriculture & Rural Development","dd3d3bf2-9da6-4525-a19f-48bf047adb35","NABARD-P2-ARD-2020","2","20","20","ARD-2020-Q020","Agronomy and Crop Production","Cropping systems and cropping patterns","ard-cropping-systems-and-cropping-patterns-97da95cc","b8d5edbc-2b9e-4cef-928d-357d8ef1a27f","Q.20) What is the cropping pattern of Sugarcane with a short span crop orop that can be harvested even before Sugarcane "
"Agriculture & Rural Development","dd3d3bf2-9da6-4525-a19f-48bf047adb35","NABARD-P2-ARD-2020","2","21","21","ARD-2020-Q021","Agronomy and Crop Production","Cropping systems and cropping patterns","ard-cropping-systems-and-cropping-patterns-97da95cc","582a5581-b68c-4b48-8665-a17dfe23ba20","Q.21) Which of the following cropping system is highest in India?"
"Agriculture & Rural Development","dd3d3bf2-9da6-4525-a19f-48bf047adb35","NABARD-P2-ARD-2020","2","22","22","ARD-2020-Q022","Agronomy and Crop Production","Cropping systems and cropping patterns","ard-cropping-systems-and-cropping-patterns-97da95cc","83d8e21d-7a7b-4869-8153-93c165babf38","Q.22)Which cereal cropping system after rice and wheat combinations has highest area under cultivation?"
"Agriculture & Rural Development","dd3d3bf2-9da6-4525-a19f-48bf047adb35","NABARD-P2-ARD-2020","2","23","23","ARD-2020-Q023","Animal Husbandry, Dairy and Poultry","Poultry production and management","ard-poultry-production-and-management-23203b34","1f836f35-8c75-4955-8f8f-4f667bb77332","Q.23)Broilers are marketed between ___________weeks of age?"
"Agriculture & Rural Development","dd3d3bf2-9da6-4525-a19f-48bf047adb35","NABARD-P2-ARD-2020","2","28","28","ARD-2020-Q028","Agricultural Economics, Credit and Marketing","Kisan Credit Card and agricultural credit targets","ard-kisan-credit-card-and-agricultural-credit-targets-1b663009","a40ebc75-4bdc-4c67-8743-8a23af38394c","Q.28) Which of the following is NOT the feature of KCC? 1) A loan of 3 lakh can be sanctioned 2) No collateral will be r"
"Agriculture & Rural Development","dd3d3bf2-9da6-4525-a19f-48bf047adb35","NABARD-P2-ARD-2020","2","30","30","ARD-2020-Q030","Agricultural Economics, Credit and Marketing","Production economics and factors of production","ard-production-economics-and-factors-of-production-fffc9645","87687b7e-13dc-41d7-976b-805da490d6e9","Q.30)Which of the following statements are INCORRECT about Production Function Curve? 1) The graph shows short raw funct"
"Agriculture & Rural Development","dd3d3bf2-9da6-4525-a19f-48bf047adb35","NABARD-P2-ARD-2021","2","1","1","ARD-2021-Q001","Horticulture and Plantation Crops","Horticulture production statistics","ard-horticulture-production-statistics-4130b769","e3840855-c7b0-4170-8409-7e6b63338437","Q.1) As per recently released “2nd advance estimate of area and production of Horticultural crops for the year 2020-21”,"
"Agriculture & Rural Development","dd3d3bf2-9da6-4525-a19f-48bf047adb35","NABARD-P2-ARD-2021","2","2","2","ARD-2021-Q002","Horticulture and Plantation Crops","Horticulture information systems","ard-horticulture-information-systems-2cd5dc9f","344783a0-3061-42f0-8665-3be8c0c503c0","Q.2) Which one of the following portals has been launched to provide information on horticulture assessment management u"
"Agriculture & Rural Development","dd3d3bf2-9da6-4525-a19f-48bf047adb35","NABARD-P2-ARD-2021","2","3","3","ARD-2021-Q003","Horticulture and Plantation Crops","Horticulture production statistics","ard-horticulture-production-statistics-4130b769","fbadd367-ee5e-4ba5-99fc-75d4d410b83d","Q.3) As per recently released 2nd advance estimate of area and production of horticultural crops for the year 2020-21, w"
"Agriculture & Rural Development","dd3d3bf2-9da6-4525-a19f-48bf047adb35","NABARD-P2-ARD-2021","2","4","4","ARD-2021-Q004","Agronomy and Crop Production","Organic and natural farming","ard-organic-and-natural-farming-dd64ed70","f6624695-c999-4b71-99ec-08f2691c564d","Q.4) Which of the following Indian state is the first to become completely organic?"
"Agriculture & Rural Development","dd3d3bf2-9da6-4525-a19f-48bf047adb35","NABARD-P2-ARD-2021","2","5","5","ARD-2021-Q005","Agronomy and Crop Production","Organic and natural farming","ard-organic-and-natural-farming-dd64ed70","c646bbbe-66df-49ac-a923-e30780556cf5","Q.5) Which of the following scheme is associated with organic farming in India?"
"Agriculture & Rural Development","dd3d3bf2-9da6-4525-a19f-48bf047adb35","NABARD-P2-ARD-2021","2","6","6","ARD-2021-Q006","Agronomy and Crop Production","Organic and natural farming","ard-organic-and-natural-farming-dd64ed70","beb52192-3ea4-447e-9c96-ccccd5311e81","Q.6) Which amongst the following states has largest area under organic farming?"
"Agriculture & Rural Development","dd3d3bf2-9da6-4525-a19f-48bf047adb35","NABARD-P2-ARD-2021","2","7","7","ARD-2021-Q007","Agronomy and Crop Production","Organic and natural farming","ard-organic-and-natural-farming-dd64ed70","dd568558-47b3-41d8-9fd6-c291bae84dc6","Q.7) Which of the following is the single largest category of crops under organic farming in terms of commodities?"
"Agriculture & Rural Development","dd3d3bf2-9da6-4525-a19f-48bf047adb35","NABARD-P2-ARD-2021","2","8","8","ARD-2021-Q008","Horticulture and Plantation Crops","Tissue culture and nursery techniques","ard-tissue-culture-and-nursery-techniques-e76e2be1","7b181ec8-1a4c-4d41-ba88-64308e2b8e21","Q.8) What is the name of process where the plants are isolated and acclimatized to the climate where they are grown?"
"Agriculture & Rural Development","dd3d3bf2-9da6-4525-a19f-48bf047adb35","NABARD-P2-ARD-2021","2","9","9","ARD-2021-Q009","Soil Science, Water and Agro-meteorology","Soil conservation and erosion control","ard-soil-conservation-and-erosion-control-b50e6128","2599ed43-744a-43af-a6ea-6620b853b5e0","Q.9) The Branch of Agriculture that deals with management of soil and water is called as?"
"Agriculture & Rural Development","dd3d3bf2-9da6-4525-a19f-48bf047adb35","NABARD-P2-ARD-2021","2","10","10","ARD-2021-Q010","Forestry and Agroforestry","Types of forestry and social forestry","ard-types-of-forestry-and-social-forestry-d739d142","56508bf4-a777-42b6-85a9-074ac406d2be","Q.10) The practice of forestry in areas devoid of tree growth and other vegetation situated in places away from the conv"
"Agriculture & Rural Development","dd3d3bf2-9da6-4525-a19f-48bf047adb35","NABARD-P2-ARD-2021","2","11","11","ARD-2021-Q011","Soil Science, Water and Agro-meteorology","Irrigation and groundwater schemes","ard-irrigation-and-groundwater-schemes-8c00e4e2","414da08b-6a53-40ec-88ad-df76557bde75","Q.11) Which of the following schemes has been formulated with the vision of extending the coverage of irrigation and imp"
"Agriculture & Rural Development","dd3d3bf2-9da6-4525-a19f-48bf047adb35","NABARD-P2-ARD-2021","2","12","12","ARD-2021-Q012","Rural Development, Schemes and Institutions","Food security and the public distribution system","ard-food-security-and-the-public-distribution-system-da810701","69338860-69c2-457b-92be-9487faf93144","Q.12) Name the mobile app recently launched by government in order to facilitate the ‘One Nation-One Ration Card’ system"
"Agriculture & Rural Development","dd3d3bf2-9da6-4525-a19f-48bf047adb35","NABARD-P2-ARD-2021","2","13","13","ARD-2021-Q013","Soil Science, Water and Agro-meteorology","Soil classification systems and soil orders","ard-soil-classification-systems-and-soil-orders-6d6328e0","52f76edd-ef63-46c2-a389-5074a7f37043","Q.13) Soil that comprises of both sand, silt and organic matter is termed as................"
"Agriculture & Rural Development","dd3d3bf2-9da6-4525-a19f-48bf047adb35","NABARD-P2-ARD-2021","2","14","14","ARD-2021-Q014","Agronomy and Crop Production","Cropping systems and cropping patterns","ard-cropping-systems-and-cropping-patterns-97da95cc","baff7cd4-39b7-4517-aa4d-1f871ecce06e","Q.14) What is the cropping pattern of Sugarcane with a short span crop orop that can be harvested even before Sugarcane "
"Agriculture & Rural Development","dd3d3bf2-9da6-4525-a19f-48bf047adb35","NABARD-P2-ARD-2021","2","15","15","ARD-2021-Q015","Agricultural Engineering, Mechanisation and Extension","Tillage systems and practices","ard-tillage-systems-and-practices-14643597","8a2a44f7-699c-46dd-8e4d-e36737f6fae2","Q.15) In which form of tillage is the soil left undisturbed from harvest to planting except for nutrient injection?"
"Agriculture & Rural Development","dd3d3bf2-9da6-4525-a19f-48bf047adb35","NABARD-P2-ARD-2022","2","1","1","ARD-2022-Q001","Animal Husbandry, Dairy and Poultry","Livestock reproduction and gestation","ard-livestock-reproduction-and-gestation-af5125a2","ce0635d6-758b-4320-af89-7d6dcde9d139","Q.1)The Process of parturition (Act of giving birth) in pig is called ____"
"Agriculture & Rural Development","dd3d3bf2-9da6-4525-a19f-48bf047adb35","NABARD-P2-ARD-2022","2","2","2","ARD-2022-Q002","Animal Husbandry, Dairy and Poultry","Livestock reproduction and gestation","ard-livestock-reproduction-and-gestation-af5125a2","2dfc4cc6-8032-4d6f-824f-90ddab5e2f36","Q.2) The Gestation period in swine is _____"
"Agriculture & Rural Development","dd3d3bf2-9da6-4525-a19f-48bf047adb35","NABARD-P2-ARD-2022","2","3","3","ARD-2022-Q003","Animal Husbandry, Dairy and Poultry","Livestock reproduction and gestation","ard-livestock-reproduction-and-gestation-af5125a2","6a5d591e-0c7a-44a9-8e42-1d17c805efef","Q.3)The Parturition process in swine generally takes place during"
"Agriculture & Rural Development","dd3d3bf2-9da6-4525-a19f-48bf047adb35","NABARD-P2-ARD-2022","2","4","4","ARD-2022-Q004","Animal Husbandry, Dairy and Poultry","Poultry housing systems","ard-poultry-housing-systems-b35c4156","174a540c-0e38-4d55-b197-e9261161a1f1","Q.4) The usual floor space is __1.___and the height, 17 inches."
"Agriculture & Rural Development","dd3d3bf2-9da6-4525-a19f-48bf047adb35","NABARD-P2-ARD-2022","2","5","5","ARD-2022-Q005","Animal Husbandry, Dairy and Poultry","Poultry housing systems","ard-poultry-housing-systems-b35c4156","d1cdc61c-81c8-495f-9ecc-3c7674dc24fb","Q.5) Pullets, which are more often used than birds of over _2.___should be placed in the cages."
"Agriculture & Rural Development","dd3d3bf2-9da6-4525-a19f-48bf047adb35","NABARD-P2-ARD-2022","2","6","6","ARD-2022-Q006","Animal Husbandry, Dairy and Poultry","Poultry housing systems","ard-poultry-housing-systems-b35c4156","d6aea732-d3f1-4b66-927a-0726fb99e654","Q.6) Pullets, which are more often used than birds of over _2.___should be placed in the cages at least__3.___ before th"
"Agriculture & Rural Development","dd3d3bf2-9da6-4525-a19f-48bf047adb35","NABARD-P2-ARD-2022","2","7","7","ARD-2022-Q007","Agricultural Economics, Credit and Marketing","Agriculture's contribution to gross value added","ard-agriculture-s-contribution-to-gross-value-added-22099611","4c8e094c-dbc6-4343-85b7-d61b4e4a89cd","Q.7) As per the Economic Survey 2021 -22, What is the Gross Value Addition (GVA) of Agriculture Sector in India’s total "
"Agriculture & Rural Development","dd3d3bf2-9da6-4525-a19f-48bf047adb35","NABARD-P2-ARD-2022","2","8","8","ARD-2022-Q008","Agronomy and Crop Production","Cropping systems and cropping patterns","ard-cropping-systems-and-cropping-patterns-97da95cc","bbe528a9-650f-4a50-bc64-de8e047c7a93","Q.8) As per the Economic Survey 2021 -22, the existing cropping pattern is skewed towards the cultivation of ___________"
"Agriculture & Rural Development","dd3d3bf2-9da6-4525-a19f-48bf047adb35","NABARD-P2-ARD-2022","2","9","9","ARD-2022-Q009","Horticulture and Plantation Crops","Scientific names of horticultural crops","ard-scientific-names-of-horticultural-crops-9e83e592","9d95eb99-0002-4161-aaee-ad0f87b620db","Q.9) What is the scientific name of strawberry?"
"Agriculture & Rural Development","dd3d3bf2-9da6-4525-a19f-48bf047adb35","NABARD-P2-ARD-2022","2","10","10","ARD-2022-Q010","Soil Science, Water and Agro-meteorology","Manures, fertilizers and biofertilizers","ard-manures-fertilizers-and-biofertilizers-baa7d9d5","78a98984-690d-49d9-97eb-1badd69d11f4","Q.10) A scientific process of converting organic matter into compost by earthworms is called ____."
"Agriculture & Rural Development","dd3d3bf2-9da6-4525-a19f-48bf047adb35","NABARD-P2-ARD-2022","2","11","11","ARD-2022-Q011","Soil Science, Water and Agro-meteorology","Soil classification systems and soil orders","ard-soil-classification-systems-and-soil-orders-6d6328e0","bf517f7a-4744-41f2-9930-5d6a2e9db512","Q.11) Soil that comprises of both sand, silt and organic matter is termed as................"
"Agriculture & Rural Development","dd3d3bf2-9da6-4525-a19f-48bf047adb35","NABARD-P2-ARD-2022","2","12","12","ARD-2022-Q012","Agricultural Engineering, Mechanisation and Extension","Farm implements and mechanisation","ard-farm-implements-and-mechanisation-635cd7ec","48659f24-6249-4b2a-b326-426faa312885","Q.12) A machine which is used to separate seeds from impurities, inert material and adulterants is _____"
"Agriculture & Rural Development","dd3d3bf2-9da6-4525-a19f-48bf047adb35","NABARD-P2-ARD-2022","2","13","13","ARD-2022-Q013","Agricultural Economics, Credit and Marketing","NABARD and rural finance institutions","ard-nabard-and-rural-finance-institutions-2bee848c","370c2d1a-cef5-4af7-badc-357dd519ce0a","Q.13) Which subsidiary of NABARD working with NBFCs is responsible for financing Farmers and cooperations?"
"Agriculture & Rural Development","dd3d3bf2-9da6-4525-a19f-48bf047adb35","NABARD-P2-ARD-2022","2","14","14","ARD-2022-Q014","Agricultural Economics, Credit and Marketing","e-NAM and agricultural marketing platforms","ard-e-nam-and-agricultural-marketing-platforms-3c1c5ff6","c76829a9-2dc3-434f-959d-a3c8700cc695","Q.14) In which of the following years, e -NAM was launched?"
"Agriculture & Rural Development","dd3d3bf2-9da6-4525-a19f-48bf047adb35","NABARD-P2-ARD-2022","2","15","15","ARD-2022-Q015","Agricultural Economics, Credit and Marketing","e-NAM and agricultural marketing platforms","ard-e-nam-and-agricultural-marketing-platforms-3c1c5ff6","c48b8dd5-a852-45a1-98d9-b28a2568fcfc","Q.15) State can take the advantages of the e -NAM portal if they fulfil which of the following conditions? 1) Provision "
"Agriculture & Rural Development","dd3d3bf2-9da6-4525-a19f-48bf047adb35","NABARD-P2-ARD-2023","2","5","5","ARDESI-2023-Q005","Agricultural Engineering, Mechanisation and Extension","Tillage systems and practices","ard-tillage-systems-and-practices-14643597","0697d477-dfdc-4585-8f67-0d4f8c742b3d","Q.5) Ploughing is the ________(1)_____operation, which is performed to cut, break, and invert the soil partially or comp"
"Agriculture & Rural Development","dd3d3bf2-9da6-4525-a19f-48bf047adb35","NABARD-P2-ARD-2023","2","6","6","ARDESI-2023-Q006","Agricultural Engineering, Mechanisation and Extension","Tillage systems and practices","ard-tillage-systems-and-practices-14643597","e41018e1-8f6e-4618-a3ef-f33133690e0c","Q.6) _____ (2)_______ is used for churning the soil with standing water while preparing fields for paddy transplantation"
"Agriculture & Rural Development","dd3d3bf2-9da6-4525-a19f-48bf047adb35","NABARD-P2-ARD-2023","2","7","7","ARDESI-2023-Q007","Agricultural Engineering, Mechanisation and Extension","Tillage systems and practices","ard-tillage-systems-and-practices-14643597","69c75dbc-3dec-4a82-ae0a-0302c23065d6","Q.7) Which of the following is /are the objectives of tillage in Rice?"
"Agriculture & Rural Development","dd3d3bf2-9da6-4525-a19f-48bf047adb35","NABARD-P2-ARD-2023","2","8","8","ARDESI-2023-Q008","Agronomy and Crop Production","Millets and coarse cereals","ard-millets-and-coarse-cereals-5817dc22","1d619ca4-01f0-4f76-b54c-4faaf29a33b9","Q.8) Recently Indian Institute of Millet Research has established a “Center of Excellence” for the promotion of millets "
"Agriculture & Rural Development","dd3d3bf2-9da6-4525-a19f-48bf047adb35","NABARD-P2-ARD-2023","2","18","18","ARDESI-2023-Q018","Soil Science, Water and Agro-meteorology","Soil chemical properties and salinity","ard-soil-chemical-properties-and-salinity-003f2da2","15136f53-bd88-481c-b107-5b14285944dc","Q.18) What is the pH and Electrical Conductivity of the saline soil?"
"Agriculture & Rural Development","dd3d3bf2-9da6-4525-a19f-48bf047adb35","NABARD-P2-ARD-2023","2","19","19","ARDESI-2023-Q019","Soil Science, Water and Agro-meteorology","Soil chemical properties and salinity","ard-soil-chemical-properties-and-salinity-003f2da2","27ac0625-03a6-49d8-aaa3-309b2ecefea2","Q.19) Saline soil has _________g/l of Na."
"Agriculture & Rural Development","dd3d3bf2-9da6-4525-a19f-48bf047adb35","NABARD-P2-ARD-2023","2","20","20","ARDESI-2023-Q020","Soil Science, Water and Agro-meteorology","Soil chemical properties and salinity","ard-soil-chemical-properties-and-salinity-003f2da2","60d8a5cd-3861-4c8f-b1d1-5a0bdf0a7f6a","Q.20) Which of the following process lead to the accumulation of Na in soil?"
"Agriculture & Rural Development","dd3d3bf2-9da6-4525-a19f-48bf047adb35","NABARD-P2-ARD-2023","2","21","21","ARDESI-2023-Q021","Soil Science, Water and Agro-meteorology","Manures, fertilizers and biofertilizers","ard-manures-fertilizers-and-biofertilizers-baa7d9d5","d0315e76-c96d-4cc0-a900-b7fb213d8c12","Q.21) Which of the following is a complex fertilizer?"
"Agriculture & Rural Development","dd3d3bf2-9da6-4525-a19f-48bf047adb35","NABARD-P2-ARD-2023","2","22","22","ARDESI-2023-Q022","Animal Husbandry, Dairy and Poultry","Cattle breeds","ard-cattle-breeds-c6fbb93e","fecb73eb-e620-4320-a848-0a53114551b5","Q.22) Balangir is a breed of which of the following? 393 | P a g e"
"Agriculture & Rural Development","dd3d3bf2-9da6-4525-a19f-48bf047adb35","NABARD-P2-ARD-2023","2","23","23","ARDESI-2023-Q023","Agronomy and Crop Production","Cropping systems and cropping patterns","ard-cropping-systems-and-cropping-patterns-97da95cc","b0f20e15-f023-4aef-96ba-3df3845065a0","Q.23) In which of the following cropping patterns 4 crops can be grown, but one crop is cultivated before the harvest of"
"Agriculture & Rural Development","dd3d3bf2-9da6-4525-a19f-48bf047adb35","NABARD-P2-ARD-2023","2","24","24","ARDESI-2023-Q024","Fisheries and Aquaculture","Aquaculture systems and water quality","ard-aquaculture-systems-and-water-quality-8d07f0a7","dad9e824-d2d2-4e81-a75a-bfc050e7eb2b","Q.24) In which of the following culture systems more than 1 type of fish is cultivated?"
"Agriculture & Rural Development","dd3d3bf2-9da6-4525-a19f-48bf047adb35","NABARD-P2-ARD-2023","2","25","25","ARDESI-2023-Q025","Agricultural Engineering, Mechanisation and Extension","Agricultural research and extension system","ard-agricultural-research-and-extension-system-ef3db2e9","cc95cbd2-3c37-4dea-9390-ef89def3b7d8","Q.25) The idea of the establishment of Krishi Vigyan Kendra was developed by which of the following committees?"
"Agriculture & Rural Development","dd3d3bf2-9da6-4525-a19f-48bf047adb35","NABARD-P2-ARD-2023","2","29","29","ARDESI-2023-Q029","Horticulture and Plantation Crops","Horticulture development programmes","ard-horticulture-development-programmes-afcb6fe0","19549956-df1d-401d-af9d-d6270d5e42fe","Q.29) Which programme has been announced in the Union Budget 2023 -24 with an outlay of Rs. 2,200 Crore to boost availab"
"Computer Knowledge","0f2ac69b-bd39-422e-bb0d-a81ac4ad3057","NABARD-P1-COMPUTER-KNOWLEDGE-2020","1","61","1","CK-2020-Q061","Networking and the Internet","Network types and scale","ck-network-types-and-scale-dbf6bf7d","2b7c6ffc-5901-4b27-b34d-03bab70ff422","Q.61)____ is larger than LANs but smaller than MANs and WANs."
"Computer Knowledge","0f2ac69b-bd39-422e-bb0d-a81ac4ad3057","NABARD-P1-COMPUTER-KNOWLEDGE-2020","1","62","2","CK-2020-Q062","Cyber Security and Digital Literacy","Firewalls, phishing and safe computing","ck-firewalls-phishing-and-safe-computing-624a87e3","fdc7b749-5f44-40e8-865b-1cd15ffe0499","Q.62)A ___________ can be either a hardware device or a software that provides protection from online intrusions."
"Computer Knowledge","0f2ac69b-bd39-422e-bb0d-a81ac4ad3057","NABARD-P1-COMPUTER-KNOWLEDGE-2020","1","63","3","CK-2020-Q063","Operating Systems and File Management","File and folder management","ck-file-and-folder-management-da299b46","474c288c-f392-42ac-916e-081f8e9ed8e1","Q.63)What is the main folder on a storage device called?"
"Computer Knowledge","0f2ac69b-bd39-422e-bb0d-a81ac4ad3057","NABARD-P1-COMPUTER-KNOWLEDGE-2020","1","64","4","CK-2020-Q064","Hardware, Peripherals and Storage","Input devices and pointing hardware","ck-input-devices-and-pointing-hardware-29b27c37","733f5596-0b90-4677-b242-90be7577ed0f","Q.64)A _______________ is an input device used to enter motion data into computers or other electronic devices."
"Computer Knowledge","0f2ac69b-bd39-422e-bb0d-a81ac4ad3057","NABARD-P1-COMPUTER-KNOWLEDGE-2020","1","65","5","CK-2020-Q065","Networking and the Internet","Internet protocols and addressing","ck-internet-protocols-and-addressing-d6583563","cb78747e-cdac-4f19-afa2-8a01f792ade9","Q.65)FTP allows us to transfer files from one computer to another on the internet. FTP stands for"
"Computer Knowledge","0f2ac69b-bd39-422e-bb0d-a81ac4ad3057","NABARD-P1-COMPUTER-KNOWLEDGE-2020","1","66","6","CK-2020-Q066","Computer Fundamentals and Evolution","Computer fundamentals and basic terminology","ck-computer-fundamentals-and-basic-terminology-d30552ba","cf6c6f8f-5579-4415-9b2d-247695c8c9ab","Q.66)Hardware is a __________ component."
"Computer Knowledge","0f2ac69b-bd39-422e-bb0d-a81ac4ad3057","NABARD-P1-COMPUTER-KNOWLEDGE-2020","1","67","7","CK-2020-Q067","Networking and the Internet","Networking devices","ck-networking-devices-3e223e93","9c4727c0-786c-4e5a-b8f8-aef05dc23ce4","Q.67)A ____________, in the context of networking is a high-speed device that receives incoming data and redirects it to"
"Computer Knowledge","0f2ac69b-bd39-422e-bb0d-a81ac4ad3057","NABARD-P1-COMPUTER-KNOWLEDGE-2020","1","68","8","CK-2020-Q068","Hardware, Peripherals and Storage","Printers, printing metrics and display hardware","ck-printers-printing-metrics-and-display-hardware-67bde690","5700b0cb-f140-493b-bc22-b107e402e71c","Q.68)What for ‘I’ stands for in PPI?"
"Computer Knowledge","0f2ac69b-bd39-422e-bb0d-a81ac4ad3057","NABARD-P1-COMPUTER-KNOWLEDGE-2020","1","69","9","CK-2020-Q069","Office Productivity Software","MS Word page setup and formatting","ck-ms-word-page-setup-and-formatting-d552a60e","97953948-f0f5-4e80-b403-8afacbefaa2d","Q.69)The word wrap feature-"
"Computer Knowledge","0f2ac69b-bd39-422e-bb0d-a81ac4ad3057","NABARD-P1-COMPUTER-KNOWLEDGE-2020","1","70","10","CK-2020-Q070","Cyber Security and Digital Literacy","Malware types and antivirus software","ck-malware-types-and-antivirus-software-05eb4896","90f2de70-49d4-44c5-80da-5a1a38e6ae8e","Q.70)VIRUS is actually an acronym for"
"Computer Knowledge","0f2ac69b-bd39-422e-bb0d-a81ac4ad3057","NABARD-P1-COMPUTER-KNOWLEDGE-2020","1","71","11","CK-2020-Q071","Operating Systems and File Management","Booting, BIOS and system startup","ck-booting-bios-and-system-startup-77819ad1","40eee6b3-bbc5-4d20-8ba2-811cb236cc2d","Q.71)Which of the following BIOS function tests the computer hardware and makes sure that no error exists before loading"
"Computer Knowledge","0f2ac69b-bd39-422e-bb0d-a81ac4ad3057","NABARD-P1-COMPUTER-KNOWLEDGE-2020","1","72","12","CK-2020-Q072","Hardware, Peripherals and Storage","Printers, printing metrics and display hardware","ck-printers-printing-metrics-and-display-hardware-67bde690","45c15436-44ef-4a28-8d81-b65e63b29038","Q.72)A _____ is a piece of computer hardware that produces the image you see on a monitor."
"Computer Knowledge","0f2ac69b-bd39-422e-bb0d-a81ac4ad3057","NABARD-P1-COMPUTER-KNOWLEDGE-2020","1","73","13","CK-2020-Q073","Office Productivity Software","MS Word ribbon, tabs and shortcuts","ck-ms-word-ribbon-tabs-and-shortcuts-c27848f8","78cc24a0-0df3-423b-80de-8698b3f3818f","Q.73)To increase the line spacing, use the ______ shortcut keys."
"Computer Knowledge","0f2ac69b-bd39-422e-bb0d-a81ac4ad3057","NABARD-P1-COMPUTER-KNOWLEDGE-2020","1","74","14","CK-2020-Q074","Office Productivity Software","MS Excel cell references, shortcuts and display behaviour","ck-ms-excel-cell-references-shortcuts-and-display-behaviour-125ece4e","0c245a58-dca6-4c8d-b145-b61e4dc025d8","Q.74)The letter and number of the intersecting column and row is the"
"Computer Knowledge","0f2ac69b-bd39-422e-bb0d-a81ac4ad3057","NABARD-P1-COMPUTER-KNOWLEDGE-2020","1","75","15","CK-2020-Q075","Networking and the Internet","Network topologies","ck-network-topologies-0b6b1ec5","b5d33766-8d48-43d0-9707-abf44bc40f49","Q.75)What type of topology is found in a WIRELESS LAN?"
"Computer Knowledge","0f2ac69b-bd39-422e-bb0d-a81ac4ad3057","NABARD-P1-COMPUTER-KNOWLEDGE-2020","1","76","16","CK-2020-Q076","Cyber Security and Digital Literacy","Malware types and antivirus software","ck-malware-types-and-antivirus-software-05eb4896","2a4bf166-93e4-44af-a39a-5224cbe29fd4","Q.76)Symantec is the maker of which among the following popular antivirus software?"
"Computer Knowledge","0f2ac69b-bd39-422e-bb0d-a81ac4ad3057","NABARD-P1-COMPUTER-KNOWLEDGE-2020","1","77","17","CK-2020-Q077","Hardware, Peripherals and Storage","Input devices and pointing hardware","ck-input-devices-and-pointing-hardware-29b27c37","dbf73801-a320-4a93-ac7a-cb71f4e2e9cb","Q.77)Which of the following is an example of an input device?"
"Computer Knowledge","0f2ac69b-bd39-422e-bb0d-a81ac4ad3057","NABARD-P1-COMPUTER-KNOWLEDGE-2020","1","78","18","CK-2020-Q078","Networking and the Internet","Web browsers and browsing privacy","ck-web-browsers-and-browsing-privacy-dc79e064","d5628fa6-80ca-41dd-a71d-ca5299e595eb","Q.78)The bottom portion of internet Browsers and other program Windows that displays the current status of the web page "
"Computer Knowledge","0f2ac69b-bd39-422e-bb0d-a81ac4ad3057","NABARD-P1-COMPUTER-KNOWLEDGE-2020","1","79","19","CK-2020-Q079","Networking and the Internet","OSI model and IP addressing","ck-osi-model-and-ip-addressing-15b04d54","f11ee1ab-a1d6-4c23-a229-0d22f06b1eef","Q.79)Name the fourth layer of OSI model."
"Computer Knowledge","0f2ac69b-bd39-422e-bb0d-a81ac4ad3057","NABARD-P1-COMPUTER-KNOWLEDGE-2020","1","80","20","CK-2020-Q080","Operating Systems and File Management","Operating systems, utilities and system software","ck-operating-systems-utilities-and-system-software-97034c9c","2b6f3d92-5bfa-47dd-a7e7-0c14518bc6c7","Q.80)Which of the following acts as an interface between user and hardware?"
"Computer Knowledge","0f2ac69b-bd39-422e-bb0d-a81ac4ad3057","NABARD-P1-COMPUTER-KNOWLEDGE-2021","1","51","1","CK-2021-Q051","Networking and the Internet","Internet protocols and addressing","ck-internet-protocols-and-addressing-d6583563","4c7d432e-701e-432e-80c4-683c7a25c467","Q.51) What is the full form of URL?"
"Computer Knowledge","0f2ac69b-bd39-422e-bb0d-a81ac4ad3057","NABARD-P1-COMPUTER-KNOWLEDGE-2021","1","52","2","CK-2021-Q052","Operating Systems and File Management","File and folder management","ck-file-and-folder-management-da299b46","a675fa48-9c53-4ffb-ab74-84bfee9c3359","Q.52) Which of the following options is available in the share ribbon of file explorer in windows 10?"
"Computer Knowledge","0f2ac69b-bd39-422e-bb0d-a81ac4ad3057","NABARD-P1-COMPUTER-KNOWLEDGE-2021","1","53","3","CK-2021-Q053","Hardware, Peripherals and Storage","Ports, connectors and expansion interfaces","ck-ports-connectors-and-expansion-interfaces-2f979e79","560e7790-94d6-4eb4-acc0-455690f9d4c4","Q.53) How many holes are there in a VGA connector?"
"Computer Knowledge","0f2ac69b-bd39-422e-bb0d-a81ac4ad3057","NABARD-P1-COMPUTER-KNOWLEDGE-2021","1","54","4","CK-2021-Q054","Office Productivity Software","MS Word ribbon, tabs and shortcuts","ck-ms-word-ribbon-tabs-and-shortcuts-c27848f8","2ae68794-8fac-4dbe-96f8-c4905d7e662d","Q.54) _____ is found just above the file tab option in MS word. Its purpose is to provide a convenient access to most co"
"Computer Knowledge","0f2ac69b-bd39-422e-bb0d-a81ac4ad3057","NABARD-P1-COMPUTER-KNOWLEDGE-2021","1","55","5","CK-2021-Q055","Office Productivity Software","MS Excel cell references, shortcuts and display behaviour","ck-ms-excel-cell-references-shortcuts-and-display-behaviour-125ece4e","cde5d4d5-2cfc-4f97-9764-d6dd91d032ff","Q.55) In MS Excel, to reach to the last cell of the worksheet that contains data, which of the following shortcut key is"
"Computer Knowledge","0f2ac69b-bd39-422e-bb0d-a81ac4ad3057","NABARD-P1-COMPUTER-KNOWLEDGE-2021","1","56","6","CK-2021-Q056","Operating Systems and File Management","File and folder management","ck-file-and-folder-management-da299b46","8bdf6a98-1f9d-46f6-bf08-df6d4b1b2544","Q.56) _____ file operation is simply deleting the file except deleting the attributes."
"Computer Knowledge","0f2ac69b-bd39-422e-bb0d-a81ac4ad3057","NABARD-P1-COMPUTER-KNOWLEDGE-2021","1","57","7","CK-2021-Q057","Networking and the Internet","OSI model and IP addressing","ck-osi-model-and-ip-addressing-15b04d54","7c105c68-2648-43bf-9ddf-67ce095ccbd7","Q.57) The length of IPv4 address is"
"Computer Knowledge","0f2ac69b-bd39-422e-bb0d-a81ac4ad3057","NABARD-P1-COMPUTER-KNOWLEDGE-2021","1","58","8","CK-2021-Q058","Networking and the Internet","Networking devices","ck-networking-devices-3e223e93","876ead89-b00c-4f5a-80e3-9d503e19b374","Q.58) ______ is a type of device that acts as the central point among computers and other devices that are a part of a n"
"Computer Knowledge","0f2ac69b-bd39-422e-bb0d-a81ac4ad3057","NABARD-P1-COMPUTER-KNOWLEDGE-2021","1","59","9","CK-2021-Q059","Operating Systems and File Management","Booting, BIOS and system startup","ck-booting-bios-and-system-startup-77819ad1","3efb874f-9733-414f-b626-55fe68c6a113","Q.59) Starting a computer or a computer embedded device is called –"
"Computer Knowledge","0f2ac69b-bd39-422e-bb0d-a81ac4ad3057","NABARD-P1-COMPUTER-KNOWLEDGE-2021","1","60","10","CK-2021-Q060","Computer Fundamentals and Evolution","Programming languages and their generations","ck-programming-languages-and-their-generations-82dc1184","9712aaa9-d0b2-42e9-a58f-409f9c7d0f5d","Q.60) Language used in second generation computers is called"
"Computer Knowledge","0f2ac69b-bd39-422e-bb0d-a81ac4ad3057","NABARD-P1-COMPUTER-KNOWLEDGE-2021","1","61","11","CK-2021-Q061","Office Productivity Software","MS Word ribbon, tabs and shortcuts","ck-ms-word-ribbon-tabs-and-shortcuts-c27848f8","140a61e1-5209-4422-9e15-90dabe759032","Q.61) The ‘Header and Footer’ option in MS-Word is present under which tab?"
"Computer Knowledge","0f2ac69b-bd39-422e-bb0d-a81ac4ad3057","NABARD-P1-COMPUTER-KNOWLEDGE-2021","1","62","12","CK-2021-Q062","Hardware, Peripherals and Storage","Microprocessors, registers and digital logic","ck-microprocessors-registers-and-digital-logic-abc4b913","d8041c18-ce48-48f8-9b2a-0f37204a4a2e","Q.62) Which of the following registers holds the address of an instruction?"
"Computer Knowledge","0f2ac69b-bd39-422e-bb0d-a81ac4ad3057","NABARD-P1-COMPUTER-KNOWLEDGE-2021","1","63","13","CK-2021-Q063","Operating Systems and File Management","Operating systems, utilities and system software","ck-operating-systems-utilities-and-system-software-97034c9c","5bbb0092-1b5b-4e67-affc-05f65aa964c6","Q.63) The difference between the arrival time and the time at which the process first gets the CPU is called _____ Time."
"Computer Knowledge","0f2ac69b-bd39-422e-bb0d-a81ac4ad3057","NABARD-P1-COMPUTER-KNOWLEDGE-2021","1","64","14","CK-2021-Q064","Office Productivity Software","MS Excel formulas and functions","ck-ms-excel-formulas-and-functions-4bfb4eef","1a6b53d5-abca-4365-a83f-535020beb980","Q.64) Which MS excel function calculates the number of days between 2 dates?"
"Computer Knowledge","0f2ac69b-bd39-422e-bb0d-a81ac4ad3057","NABARD-P1-COMPUTER-KNOWLEDGE-2021","1","65","15","CK-2021-Q065","Office Productivity Software","MS Word ribbon, tabs and shortcuts","ck-ms-word-ribbon-tabs-and-shortcuts-c27848f8","c0fce2ef-77d8-40ab-b0a3-c6f8a033de02","Q.65) Create, insert and write, preview results and finish are commands found in which tab of MS word 2013?"
"Computer Knowledge","0f2ac69b-bd39-422e-bb0d-a81ac4ad3057","NABARD-P1-COMPUTER-KNOWLEDGE-2021","1","66","16","CK-2021-Q066","Networking and the Internet","Email fields and conventions","ck-email-fields-and-conventions-a8a98e6b","0877f97f-ba62-4500-bac3-2c5f5c2dfdae","Q.66) BCC stands for"
"Computer Knowledge","0f2ac69b-bd39-422e-bb0d-a81ac4ad3057","NABARD-P1-COMPUTER-KNOWLEDGE-2021","1","67","17","CK-2021-Q067","Office Productivity Software","MS Excel charts and macros","ck-ms-excel-charts-and-macros-81d631a7","2c3bf592-4302-45a0-b9f1-0c1278e5e0ee","Q.67) _____ method can make macros run automatically in MS-excel 2013, once you have done some setup for scheduling a ma"
"Computer Knowledge","0f2ac69b-bd39-422e-bb0d-a81ac4ad3057","NABARD-P1-COMPUTER-KNOWLEDGE-2021","1","68","18","CK-2021-Q068","Office Productivity Software","MS Excel charts and macros","ck-ms-excel-charts-and-macros-81d631a7","342da8b5-918a-4171-813f-4dcbe46a456b","Q.68) ________type of Column chart in MS-Excel 2013 is like a stacked column. It uses a single bar for each category and"
"Computer Knowledge","0f2ac69b-bd39-422e-bb0d-a81ac4ad3057","NABARD-P1-COMPUTER-KNOWLEDGE-2021","1","69","19","CK-2021-Q069","Operating Systems and File Management","Booting, BIOS and system startup","ck-booting-bios-and-system-startup-77819ad1","ca1bcee2-8a30-4318-8eaf-f99d8f1b4862","Q.69) ____ contains the code, by executing which the CPU access the very first partition of hard disk when we turn on th"
"Computer Knowledge","0f2ac69b-bd39-422e-bb0d-a81ac4ad3057","NABARD-P1-COMPUTER-KNOWLEDGE-2021","1","70","20","CK-2021-Q070","Hardware, Peripherals and Storage","Storage media, capacity and compression","ck-storage-media-capacity-and-compression-6859be60","d500d6b7-1fcd-4e43-a228-97597cfdc825","Q.70) What is the storage capacity of a dual layered Blue ray disc?"
"Computer Knowledge","0f2ac69b-bd39-422e-bb0d-a81ac4ad3057","NABARD-P1-COMPUTER-KNOWLEDGE-2022-EVENING","1","51","1","CK-2022-Q051","Cyber Security and Digital Literacy","File formats, encoding standards and multimedia","ck-file-formats-encoding-standards-and-multimedia-19b41cd1","d718218e-710f-41f7-bea9-0c5da3097938","Q.51) What is the full form of TIFF?"
"Computer Knowledge","0f2ac69b-bd39-422e-bb0d-a81ac4ad3057","NABARD-P1-COMPUTER-KNOWLEDGE-2022-EVENING","1","52","2","CK-2022-Q052","Cyber Security and Digital Literacy","Firewalls, phishing and safe computing","ck-firewalls-phishing-and-safe-computing-624a87e3","89e59338-e6c2-42a5-9bf7-6a136dbfa168","Q.52) What is the attempt to acquire sensitive information such as usernames, passwords, and credit card details (and so"
"Computer Knowledge","0f2ac69b-bd39-422e-bb0d-a81ac4ad3057","NABARD-P1-COMPUTER-KNOWLEDGE-2022-EVENING","1","53","3","CK-2022-Q053","Networking and the Internet","Web browsers and browsing privacy","ck-web-browsers-and-browsing-privacy-dc79e064","c578ad99-0bec-4655-9839-320dde1c8660","Q.53) While browsing the internet, which of the following key is used for full screen view?"
"Computer Knowledge","0f2ac69b-bd39-422e-bb0d-a81ac4ad3057","NABARD-P1-COMPUTER-KNOWLEDGE-2022-EVENING","1","54","4","CK-2022-Q054","Office Productivity Software","MS PowerPoint views and slide show controls","ck-ms-powerpoint-views-and-slide-show-controls-be71eae2","6de29b3d-6425-4457-8e62-6f456f2d0e74","Q.54) Which PowerPoint view displays each slide of the presentation as a thumbnail and is useful for rearranging slides?"
"Computer Knowledge","0f2ac69b-bd39-422e-bb0d-a81ac4ad3057","NABARD-P1-COMPUTER-KNOWLEDGE-2022-EVENING","1","55","5","CK-2022-Q055","Networking and the Internet","Networking devices","ck-networking-devices-3e223e93","48f081de-bc5c-42b0-8faf-4ba3418142e3","Q.55) If you wish to extend the length of the network without having the signal degrade, you would use a _______."
"Computer Knowledge","0f2ac69b-bd39-422e-bb0d-a81ac4ad3057","NABARD-P1-COMPUTER-KNOWLEDGE-2022-EVENING","1","56","6","CK-2022-Q056","Hardware, Peripherals and Storage","Memory types and the memory hierarchy","ck-memory-types-and-the-memory-hierarchy-dbad8600","1ac35c60-1ee2-4ba5-b44b-61569163bbdc","Q.56) What kind of memory is both static and non-volatile?"
"Computer Knowledge","0f2ac69b-bd39-422e-bb0d-a81ac4ad3057","NABARD-P1-COMPUTER-KNOWLEDGE-2022-EVENING","1","57","7","CK-2022-Q057","Hardware, Peripherals and Storage","Storage media, capacity and compression","ck-storage-media-capacity-and-compression-6859be60","ae4fa388-f37a-4207-bfe8-8a8e52e8c756","Q.57) A normal CD-ROM usually can store up to _________data?"
"Computer Knowledge","0f2ac69b-bd39-422e-bb0d-a81ac4ad3057","NABARD-P1-COMPUTER-KNOWLEDGE-2022-EVENING","1","58","8","CK-2022-Q058","Hardware, Peripherals and Storage","Input devices and pointing hardware","ck-input-devices-and-pointing-hardware-29b27c37","be8f20d1-e8ff-4dcc-af99-ee872cf05dfc","Q.58) What is a light pen?"
"Computer Knowledge","0f2ac69b-bd39-422e-bb0d-a81ac4ad3057","NABARD-P1-COMPUTER-KNOWLEDGE-2022-EVENING","1","59","9","CK-2022-Q059","Computer Fundamentals and Evolution","Generations of computers and hardware evolution","ck-generations-of-computers-and-hardware-evolution-c0d1c6dd","6b4c5607-cba5-49dd-814b-711f897009a1","Q.59) What is the full form of UNIVAC?"
"Computer Knowledge","0f2ac69b-bd39-422e-bb0d-a81ac4ad3057","NABARD-P1-COMPUTER-KNOWLEDGE-2022-EVENING","1","60","10","CK-2022-Q060","Computer Fundamentals and Evolution","Pioneers and landmarks in computing history","ck-pioneers-and-landmarks-in-computing-history-7da86b59","d520c859-478c-48fc-b2ac-8381bb6b34ef","Q.60) Who among the following is known as father of Internet?"
"Computer Knowledge","0f2ac69b-bd39-422e-bb0d-a81ac4ad3057","NABARD-P1-COMPUTER-KNOWLEDGE-2022-EVENING","1","61","11","CK-2022-Q061","Networking and the Internet","Network topologies","ck-network-topologies-0b6b1ec5","674b0c5c-7e3f-47ff-8660-fe58f27e2970","Q.61) In which of the following topology, each device is connected to every other device on a network through a dedicate"
"Computer Knowledge","0f2ac69b-bd39-422e-bb0d-a81ac4ad3057","NABARD-P1-COMPUTER-KNOWLEDGE-2022-EVENING","1","62","12","CK-2022-Q062","Hardware, Peripherals and Storage","Ports, connectors and expansion interfaces","ck-ports-connectors-and-expansion-interfaces-2f979e79","7c2d85ae-ee40-45db-b6a3-1b8c440d58d5","Q.62) Which ports connect special types of music instruments to sound cards?"
"Computer Knowledge","0f2ac69b-bd39-422e-bb0d-a81ac4ad3057","NABARD-P1-COMPUTER-KNOWLEDGE-2022-EVENING","1","63","13","CK-2022-Q063","Office Productivity Software","MS Word page setup and formatting","ck-ms-word-page-setup-and-formatting-d552a60e","54ff0ab2-c21c-4d58-879e-130bb4e9b70f","Q.63) Which files are contents readymade styles that can be used for a word document?"
"Computer Knowledge","0f2ac69b-bd39-422e-bb0d-a81ac4ad3057","NABARD-P1-COMPUTER-KNOWLEDGE-2022-EVENING","1","64","14","CK-2022-Q064","Hardware, Peripherals and Storage","Storage media, capacity and compression","ck-storage-media-capacity-and-compression-6859be60","c9b6f437-859b-4f38-bb9a-f6dc502c482e","Q.64) Which of the following techniques can be used to store a large number of files in a small amount of storage space?"
"Computer Knowledge","0f2ac69b-bd39-422e-bb0d-a81ac4ad3057","NABARD-P1-COMPUTER-KNOWLEDGE-2022-EVENING","1","65","15","CK-2022-Q065","Office Productivity Software","MS Word ribbon, tabs and shortcuts","ck-ms-word-ribbon-tabs-and-shortcuts-c27848f8","70a66654-20e0-4661-840c-9a005bca940a","Q.65) Which of the following shortcut key save the open document in MS Word like ‘Ctrl + S’?"
"Computer Knowledge","0f2ac69b-bd39-422e-bb0d-a81ac4ad3057","NABARD-P1-COMPUTER-KNOWLEDGE-2022-EVENING","1","66","16","CK-2022-Q066","Hardware, Peripherals and Storage","Printers, printing metrics and display hardware","ck-printers-printing-metrics-and-display-hardware-67bde690","c7dec9f7-4bf9-4a20-836a-4d9264e5f237","Q.66) Which printer is also called Inkless Printer?"
"Computer Knowledge","0f2ac69b-bd39-422e-bb0d-a81ac4ad3057","NABARD-P1-COMPUTER-KNOWLEDGE-2022-EVENING","1","67","17","CK-2022-Q067","Hardware, Peripherals and Storage","Memory types and the memory hierarchy","ck-memory-types-and-the-memory-hierarchy-dbad8600","9ad84c0e-3108-45ee-8450-264357161582","Q.67) Where are data and programme stored when the processor uses them?"
"Computer Knowledge","0f2ac69b-bd39-422e-bb0d-a81ac4ad3057","NABARD-P1-COMPUTER-KNOWLEDGE-2022-EVENING","1","68","18","CK-2022-Q068","Cyber Security and Digital Literacy","File formats, encoding standards and multimedia","ck-file-formats-encoding-standards-and-multimedia-19b41cd1","5a57dc55-a69b-4e47-b4ff-130b1e9c9bc7","Q.68) ASCII stands for"
"Computer Knowledge","0f2ac69b-bd39-422e-bb0d-a81ac4ad3057","NABARD-P1-COMPUTER-KNOWLEDGE-2022-EVENING","1","69","19","CK-2022-Q069","Operating Systems and File Management","Operating systems, utilities and system software","ck-operating-systems-utilities-and-system-software-97034c9c","5fe35043-91fc-4f53-a77d-e45857628b76","Q.69) Vendor-created program modifications are called ______."
"Computer Knowledge","0f2ac69b-bd39-422e-bb0d-a81ac4ad3057","NABARD-P1-COMPUTER-KNOWLEDGE-2022-EVENING","1","70","20","CK-2022-Q070","Computer Fundamentals and Evolution","Generations of computers and hardware evolution","ck-generations-of-computers-and-hardware-evolution-c0d1c6dd","60afca62-c255-4b75-8ad1-e814a4b68f4b","Q.70) _______________ is used in second generation computer."
"Computer Knowledge","0f2ac69b-bd39-422e-bb0d-a81ac4ad3057","NABARD-P1-COMPUTER-KNOWLEDGE-2022-MORNING","1","51","1","CK-2022-Q051","Office Productivity Software","MS Word page setup and formatting","ck-ms-word-page-setup-and-formatting-d552a60e","4476af38-c549-4b25-8e04-5bc75c7fde4d","Q.51) Margin that is added to the binding side of the page when printing is called?"
"Computer Knowledge","0f2ac69b-bd39-422e-bb0d-a81ac4ad3057","NABARD-P1-COMPUTER-KNOWLEDGE-2022-MORNING","1","52","2","CK-2022-Q052","Networking and the Internet","Web browsers and browsing privacy","ck-web-browsers-and-browsing-privacy-dc79e064","0ac2b1ff-67df-4052-a0aa-d864cd0c0e4a","Q.52) Which is the first browser to act as a text based browser?"
"Computer Knowledge","0f2ac69b-bd39-422e-bb0d-a81ac4ad3057","NABARD-P1-COMPUTER-KNOWLEDGE-2022-MORNING","1","53","3","CK-2022-Q053","Office Productivity Software","MS Excel formulas and functions","ck-ms-excel-formulas-and-functions-4bfb4eef","afe63256-5b85-44c0-b3c0-22777bb9318d","Q.53) In Ms excel, one can use the present value to predict / calculate the future value including repayments and intere"
"Computer Knowledge","0f2ac69b-bd39-422e-bb0d-a81ac4ad3057","NABARD-P1-COMPUTER-KNOWLEDGE-2022-MORNING","1","54","4","CK-2022-Q054","Office Productivity Software","MS Excel cell references, shortcuts and display behaviour","ck-ms-excel-cell-references-shortcuts-and-display-behaviour-125ece4e","f544c504-c7e5-42a2-86bd-c527b7b6261f","Q.54) In Ms excel, an entire column can be selected using the following command?"
"Computer Knowledge","0f2ac69b-bd39-422e-bb0d-a81ac4ad3057","NABARD-P1-COMPUTER-KNOWLEDGE-2022-MORNING","1","55","5","CK-2022-Q055","Hardware, Peripherals and Storage","Number systems and binary arithmetic","ck-number-systems-and-binary-arithmetic-9f34a429","4c2f1fff-ed42-4231-a207-af7d42ee538e","Q.55) The 1’s complementary in a binary of 1000 is?"
"Computer Knowledge","0f2ac69b-bd39-422e-bb0d-a81ac4ad3057","NABARD-P1-COMPUTER-KNOWLEDGE-2022-MORNING","1","56","6","CK-2022-Q056","Office Productivity Software","MS PowerPoint views and slide show controls","ck-ms-powerpoint-views-and-slide-show-controls-be71eae2","dc1b9b80-16a4-4ca3-b5ec-c613eb775f4a","Q.56) In Microsoft PowerPoint presentation, to select one hyperlink after another during a slide presentation, the follo"
"Computer Knowledge","0f2ac69b-bd39-422e-bb0d-a81ac4ad3057","NABARD-P1-COMPUTER-KNOWLEDGE-2022-MORNING","1","57","7","CK-2022-Q057","Operating Systems and File Management","Booting, BIOS and system startup","ck-booting-bios-and-system-startup-77819ad1","2329940b-e0bd-4c95-b0f4-07d09ba1f51d","Q.57) What do you mean by warm boot?"
"Computer Knowledge","0f2ac69b-bd39-422e-bb0d-a81ac4ad3057","NABARD-P1-COMPUTER-KNOWLEDGE-2022-MORNING","1","58","8","CK-2022-Q058","Operating Systems and File Management","File and folder management","ck-file-and-folder-management-da299b46","71479fb3-5bf9-493c-97dc-c6afd635cead","Q.58) In MS word, which symbol can be used in naming the document?"
"Computer Knowledge","0f2ac69b-bd39-422e-bb0d-a81ac4ad3057","NABARD-P1-COMPUTER-KNOWLEDGE-2022-MORNING","1","59","9","CK-2022-Q059","Office Productivity Software","MS Excel charts and macros","ck-ms-excel-charts-and-macros-81d631a7","caa68494-2c85-4ccf-8edf-6b5583a20647","Q.59) Which one is the most suitable reason to use Macro in MS Office (Word, Excel, PPT, etc.)?"
"Computer Knowledge","0f2ac69b-bd39-422e-bb0d-a81ac4ad3057","NABARD-P1-COMPUTER-KNOWLEDGE-2022-MORNING","1","60","10","CK-2022-Q060","Office Productivity Software","MS Excel cell references, shortcuts and display behaviour","ck-ms-excel-cell-references-shortcuts-and-display-behaviour-125ece4e","a04d4fb8-dcd5-496c-b7f4-a7e4447e5f3a","Q.60) Which of the symbol appear in MS-Excel that says results are too long to fit in a cell?"
"Computer Knowledge","0f2ac69b-bd39-422e-bb0d-a81ac4ad3057","NABARD-P1-COMPUTER-KNOWLEDGE-2022-MORNING","1","61","11","CK-2022-Q061","Hardware, Peripherals and Storage","Printers, printing metrics and display hardware","ck-printers-printing-metrics-and-display-hardware-67bde690","d0012e20-9fce-4458-9a1c-98d975e74943","Q.61) What does dpi in printing means?"
"Computer Knowledge","0f2ac69b-bd39-422e-bb0d-a81ac4ad3057","NABARD-P1-COMPUTER-KNOWLEDGE-2022-MORNING","1","62","12","CK-2022-Q062","Computer Fundamentals and Evolution","Programming languages and their generations","ck-programming-languages-and-their-generations-82dc1184","246b8659-7c0b-40ac-b199-7781e40851d5","Q.62) FORTRAN is a computer programming language that is extensively used in numerical, scientific computing. FORTRAN is"
"Computer Knowledge","0f2ac69b-bd39-422e-bb0d-a81ac4ad3057","NABARD-P1-COMPUTER-KNOWLEDGE-2022-MORNING","1","63","13","CK-2022-Q063","Office Productivity Software","MS Excel cell references, shortcuts and display behaviour","ck-ms-excel-cell-references-shortcuts-and-display-behaviour-125ece4e","1243ebe5-0d7d-4ec4-931b-18dc056dd87d","Q.63) The shortcut control + semicolon is used to enter which of the following in Excel?"
"Computer Knowledge","0f2ac69b-bd39-422e-bb0d-a81ac4ad3057","NABARD-P1-COMPUTER-KNOWLEDGE-2022-MORNING","1","64","14","CK-2022-Q064","Networking and the Internet","Network topologies","ck-network-topologies-0b6b1ec5","fde4c3d8-3f15-4a3f-b65b-d5e78d3fb73f","Q.64) Ethernet generally uses which of the following topologies?"
"Computer Knowledge","0f2ac69b-bd39-422e-bb0d-a81ac4ad3057","NABARD-P1-COMPUTER-KNOWLEDGE-2022-MORNING","1","65","15","CK-2022-Q065","Hardware, Peripherals and Storage","Memory types and the memory hierarchy","ck-memory-types-and-the-memory-hierarchy-dbad8600","e27671b3-161e-4fcf-8772-3512cff626bc","Q.65) Cache Memory is a very strong memory. It is a type of which of the following memory?"
"Computer Knowledge","0f2ac69b-bd39-422e-bb0d-a81ac4ad3057","NABARD-P1-COMPUTER-KNOWLEDGE-2022-MORNING","1","66","16","CK-2022-Q066","Cyber Security and Digital Literacy","Malware types and antivirus software","ck-malware-types-and-antivirus-software-05eb4896","59f8f9c0-730a-4d97-a44c-e2942d94b470","Q.66) A virus that fools the user into the downloading and or executing them by pretending to be useful application is c"
"Computer Knowledge","0f2ac69b-bd39-422e-bb0d-a81ac4ad3057","NABARD-P1-COMPUTER-KNOWLEDGE-2022-MORNING","1","67","17","CK-2022-Q067","Office Productivity Software","MS Excel cell references, shortcuts and display behaviour","ck-ms-excel-cell-references-shortcuts-and-display-behaviour-125ece4e","7225bd4c-33df-4c82-9bf9-44b2f6259a8b","Q.67)You can copy cell formats from one cell to another by using the"
"Computer Knowledge","0f2ac69b-bd39-422e-bb0d-a81ac4ad3057","NABARD-P1-COMPUTER-KNOWLEDGE-2022-MORNING","1","68","18","CK-2022-Q068","Hardware, Peripherals and Storage","Microprocessors, registers and digital logic","ck-microprocessors-registers-and-digital-logic-abc4b913","d217a28a-79b8-48fb-89b3-f31005b13dc3","Q.68) Which one of the following digital circuits is used as the basic component for storing data?"
"Computer Knowledge","0f2ac69b-bd39-422e-bb0d-a81ac4ad3057","NABARD-P1-COMPUTER-KNOWLEDGE-2022-MORNING","1","69","19","CK-2022-Q069","Office Productivity Software","MS Word ribbon, tabs and shortcuts","ck-ms-word-ribbon-tabs-and-shortcuts-c27848f8","7c123e00-18f2-4462-9bc6-0cf800f66c0f","Q.69) Ctrl+N is used to execute which task in MS-WORD?"
"Computer Knowledge","0f2ac69b-bd39-422e-bb0d-a81ac4ad3057","NABARD-P1-COMPUTER-KNOWLEDGE-2022-MORNING","1","70","20","CK-2022-Q070","Operating Systems and File Management","Operating systems, utilities and system software","ck-operating-systems-utilities-and-system-software-97034c9c","ea603afc-f34e-4c8c-b800-938ee5965df8","Q.70)What is the full form of DOS?"
"Computer Knowledge","0f2ac69b-bd39-422e-bb0d-a81ac4ad3057","NABARD-P1-COMPUTER-KNOWLEDGE-2023","1","1","1","CK-2023-Q001","Cyber Security and Digital Literacy","File formats, encoding standards and multimedia","ck-file-formats-encoding-standards-and-multimedia-19b41cd1","efbe96ea-46f2-4e9a-a2a2-b27427668c3f","Q.1 What is the full form of VFX?"
"Computer Knowledge","0f2ac69b-bd39-422e-bb0d-a81ac4ad3057","NABARD-P1-COMPUTER-KNOWLEDGE-2023","1","2","2","CK-2023-Q002","Operating Systems and File Management","Windows shortcuts and desktop navigation","ck-windows-shortcuts-and-desktop-navigation-030741a2","96449894-5cde-4924-b4e3-347525bda4fe","Q.2 Which of the following shortcut keys is used for the screen lock and password is required to unlock the screen?"
"Computer Knowledge","0f2ac69b-bd39-422e-bb0d-a81ac4ad3057","NABARD-P1-COMPUTER-KNOWLEDGE-2023","1","3","3","CK-2023-Q003","Networking and the Internet","Web browsers and browsing privacy","ck-web-browsers-and-browsing-privacy-dc79e064","6df0d6cb-b68e-49d8-a5e0-53f0d34de7a4","Q.3 The incognito mode does not store which of the following information. 1. Data entered in forms. 2. Your browsing his"
"Computer Knowledge","0f2ac69b-bd39-422e-bb0d-a81ac4ad3057","NABARD-P1-COMPUTER-KNOWLEDGE-2023","1","4","4","CK-2023-Q004","Computer Fundamentals and Evolution","Pioneers and landmarks in computing history","ck-pioneers-and-landmarks-in-computing-history-7da86b59","48839413-69cc-448e-8ce7-16c8ac788b32","Q.4 Which computer device played a key role during World War 2, helping the Germans during the war?"
"Computer Knowledge","0f2ac69b-bd39-422e-bb0d-a81ac4ad3057","NABARD-P1-COMPUTER-KNOWLEDGE-2023","1","5","5","CK-2023-Q005","Cyber Security and Digital Literacy","File formats, encoding standards and multimedia","ck-file-formats-encoding-standards-and-multimedia-19b41cd1","92a09478-688c-4d44-8f52-e2558d0c2322","Q.5 ASCII stands for _________________________________"
"Computer Knowledge","0f2ac69b-bd39-422e-bb0d-a81ac4ad3057","NABARD-P1-COMPUTER-KNOWLEDGE-2023","1","6","6","CK-2023-Q006","Operating Systems and File Management","Windows shortcuts and desktop navigation","ck-windows-shortcuts-and-desktop-navigation-030741a2","305aed32-d8a0-4388-8a70-19c52ef607c3","Q.6 What keyboard shortcut is commonly employed to toggle between active applications in Microsoft Windows and other ope"
"Computer Knowledge","0f2ac69b-bd39-422e-bb0d-a81ac4ad3057","NABARD-P1-COMPUTER-KNOWLEDGE-2023","1","7","7","CK-2023-Q007","Cyber Security and Digital Literacy","Firewalls, phishing and safe computing","ck-firewalls-phishing-and-safe-computing-624a87e3","642e2461-a3ee-47fa-84fc-bcdbf7ab1882","Q.7 Which of the following is a benefit of using parental controls?"
"Computer Knowledge","0f2ac69b-bd39-422e-bb0d-a81ac4ad3057","NABARD-P1-COMPUTER-KNOWLEDGE-2023","1","8","8","CK-2023-Q008","Hardware, Peripherals and Storage","Microprocessors, registers and digital logic","ck-microprocessors-registers-and-digital-logic-abc4b913","c49050cf-ba84-42e9-ade9-e2cb674eb7bf","Q.8 Which of the following companies are involved in the production of microprocessors?"
"Computer Knowledge","0f2ac69b-bd39-422e-bb0d-a81ac4ad3057","NABARD-P1-COMPUTER-KNOWLEDGE-2023","1","9","9","CK-2023-Q009","Operating Systems and File Management","Operating systems, utilities and system software","ck-operating-systems-utilities-and-system-software-97034c9c","4e773b82-deb9-4368-ac22-8dbfde9e7811","Q.9 What is the primary purpose of a Task Manager? (1) Managing tasks in a project or workflow (2) Monitoring the perfor"
"Computer Knowledge","0f2ac69b-bd39-422e-bb0d-a81ac4ad3057","NABARD-P1-COMPUTER-KNOWLEDGE-2023","1","10","10","CK-2023-Q010","Networking and the Internet","Web browsers and browsing privacy","ck-web-browsers-and-browsing-privacy-dc79e064","e9d2df1f-0935-4220-983d-1f054f9396e2","Q.10 Which statement accurately defines the scenario when we download documents in incognito mode? is closed."
"Computer Knowledge","0f2ac69b-bd39-422e-bb0d-a81ac4ad3057","NABARD-P1-COMPUTER-KNOWLEDGE-2023","1","11","11","CK-2023-Q011","Hardware, Peripherals and Storage","Memory types and the memory hierarchy","ck-memory-types-and-the-memory-hierarchy-dbad8600","29dc2488-83b8-4141-a612-d8896ca5ae89","Q.11 What is the accurate sequence for memory speed, ranging from fastest to slowest?"
"Computer Knowledge","0f2ac69b-bd39-422e-bb0d-a81ac4ad3057","NABARD-P1-COMPUTER-KNOWLEDGE-2023","1","12","12","CK-2023-Q012","Networking and the Internet","Email fields and conventions","ck-email-fields-and-conventions-a8a98e6b","71c4132b-cb66-46a1-bab0-78ebcc81d0b9","Q.12 What is the full form of BCC?"
"Computer Knowledge","0f2ac69b-bd39-422e-bb0d-a81ac4ad3057","NABARD-P1-COMPUTER-KNOWLEDGE-2023","1","13","13","CK-2023-Q013","Hardware, Peripherals and Storage","Input devices and pointing hardware","ck-input-devices-and-pointing-hardware-29b27c37","64e96ac6-e489-4713-a383-bcf98a77d8e1","Q.13 Which of the following is the primary use of a stylus input device?"
"Computer Knowledge","0f2ac69b-bd39-422e-bb0d-a81ac4ad3057","NABARD-P1-COMPUTER-KNOWLEDGE-2023","1","14","14","CK-2023-Q014","Computer Fundamentals and Evolution","Generations of computers and hardware evolution","ck-generations-of-computers-and-hardware-evolution-c0d1c6dd","0c686c66-d842-4cca-9b2a-e12e441816d8","Q.14 What technological advancement addressed the issues that were associated with vacuum tubes?"
"Computer Knowledge","0f2ac69b-bd39-422e-bb0d-a81ac4ad3057","NABARD-P1-COMPUTER-KNOWLEDGE-2023","1","15","15","CK-2023-Q015","Computer Fundamentals and Evolution","Emerging computing paradigms","ck-emerging-computing-paradigms-7430a4af","f82bd3e3-e9a9-418c-bbf6-92a735d25aad","Q.15 Which of these options employs qubits in its operation?"
"Computer Knowledge","0f2ac69b-bd39-422e-bb0d-a81ac4ad3057","NABARD-P1-COMPUTER-KNOWLEDGE-2023","1","16","16","CK-2023-Q016","Hardware, Peripherals and Storage","Printers, printing metrics and display hardware","ck-printers-printing-metrics-and-display-hardware-67bde690","6b81e5e0-26f2-40ed-9248-d369a225d7cb","Q. 16 What type of printer is typically employed in office settings for the purpose of producing high volumes of documen"
"Computer Knowledge","0f2ac69b-bd39-422e-bb0d-a81ac4ad3057","NABARD-P1-COMPUTER-KNOWLEDGE-2023","1","17","17","CK-2023-Q017","Hardware, Peripherals and Storage","Input devices and pointing hardware","ck-input-devices-and-pointing-hardware-29b27c37","0b8a597c-f4c5-47f4-91f6-99927725f2c5","Q. 17 The action of dragging two fingers across the touchpad of the laptop is used for?"
"Computer Knowledge","0f2ac69b-bd39-422e-bb0d-a81ac4ad3057","NABARD-P1-COMPUTER-KNOWLEDGE-2023","1","18","18","CK-2023-Q018","Computer Fundamentals and Evolution","Pioneers and landmarks in computing history","ck-pioneers-and-landmarks-in-computing-history-7da86b59","7825c9d1-8330-4a66-b439-d992d86af69f","Q. 18- Who is credited with pioneering the first electronic computer?"
"Computer Knowledge","0f2ac69b-bd39-422e-bb0d-a81ac4ad3057","NABARD-P1-COMPUTER-KNOWLEDGE-2023","1","19","19","CK-2023-Q019","Hardware, Peripherals and Storage","Storage media, capacity and compression","ck-storage-media-capacity-and-compression-6859be60","296ce26e-130f-42f8-91c7-7aa0723d205a","Q. 19 What is the full form of CD-R?"
"Computer Knowledge","0f2ac69b-bd39-422e-bb0d-a81ac4ad3057","NABARD-P1-COMPUTER-KNOWLEDGE-2023","1","20","20","CK-2023-Q020","Operating Systems and File Management","Windows shortcuts and desktop navigation","ck-windows-shortcuts-and-desktop-navigation-030741a2","5ba59b15-d9a4-48d1-ab9a-6c2d2bcb8d41","Q. 20 What keyboard shortcut can be used to switch between windows while using a virtual desktop?"
"Decision Making","1f91467a-69bd-4515-b125-d60c4e7ca4a0","NABARD-P1-DECISION-MAKING-2021","1","91","1","DM-2021-Q091","Group Decision Making and Communication","Structured group decision-making techniques","dm-structured-group-decision-making-techniques-3008c348","25c8f0b8-2b78-41a7-a6c6-d9949a5ae6af","Q.91) Which is a structured method of group decision making which allows a rich generation of original ideas, behavioura"
"Decision Making","1f91467a-69bd-4515-b125-d60c4e7ca4a0","NABARD-P1-DECISION-MAKING-2021","1","92","2","DM-2021-Q092","Decision Models and Rationality","Steps in the decision-making process","dm-steps-in-the-decision-making-process-0df42d5e","f7a60389-cb45-4399-91fd-26da877b90ff","Q.92) With a view to improve the process and outcomes of future decisions decision makers generally assess both outcome "
"Decision Making","1f91467a-69bd-4515-b125-d60c4e7ca4a0","NABARD-P1-DECISION-MAKING-2021","1","93","3","DM-2021-Q093","Decision Models and Rationality","Types of decisions and decision levels","dm-types-of-decisions-and-decision-levels-89e1bfd5","68e91ccd-30c7-46b2-988c-50e1004e871d","Q.93) Managers sometimes make decisions based on skills, knowledge & training. Such decisions are known as-"
"Decision Making","1f91467a-69bd-4515-b125-d60c4e7ca4a0","NABARD-P1-DECISION-MAKING-2021","1","94","4","DM-2021-Q094","Decision Styles, Leadership and Organisational Context","Individual and organisational factors affecting decisions","dm-individual-and-organisational-factors-affecting-decisions-8af4dac7","830d54b1-ff66-4478-8fcd-d0c1c1ab401d","Q.94) Which of the following is an individual level factor that can affect process of decision making in an organisation"
"Decision Making","1f91467a-69bd-4515-b125-d60c4e7ca4a0","NABARD-P1-DECISION-MAKING-2021","1","95","5","DM-2021-Q095","Analytical Tools and Techniques","Root cause analysis and problem-solving tools","dm-root-cause-analysis-and-problem-solving-tools-a1ae3806","d4341137-3e2c-43c3-9e6c-da77260521fe","Q.95) Method of determining the root cause of the problem uses Boolean logic to determine cause of the problem in any un"
"Decision Making","1f91467a-69bd-4515-b125-d60c4e7ca4a0","NABARD-P1-DECISION-MAKING-2021","1","96","6","DM-2021-Q096","Cognitive Biases and Barriers to Decision Making","Selective perception and similarity bias","dm-selective-perception-and-similarity-bias-e03616b7","45f16e64-902c-49f1-a40f-159ea27010b1","Q.96) When a decision making wrongly comprises of two situations because of perceived similarity or evaluates an event w"
"Decision Making","1f91467a-69bd-4515-b125-d60c4e7ca4a0","NABARD-P1-DECISION-MAKING-2021","1","97","7","DM-2021-Q097","Decision Styles, Leadership and Organisational Context","Decision theories from allied disciplines","dm-decision-theories-from-allied-disciplines-2f9e04a5","c63125f3-8d46-4f43-9589-307b813e31db","Q.97) Which decision making theory was put forward, based on how the game of chess is played, and an individual’s relati"
"Decision Making","1f91467a-69bd-4515-b125-d60c4e7ca4a0","NABARD-P1-DECISION-MAKING-2021","1","98","8","DM-2021-Q098","Group Decision Making and Communication","Structured group decision-making techniques","dm-structured-group-decision-making-techniques-3008c348","745c6157-6af5-4b24-ad89-646ff0aab432","Q.98) Decision making technique useful in motivating participation in group decisions and which encourages all members t"
"Decision Making","1f91467a-69bd-4515-b125-d60c4e7ca4a0","NABARD-P1-DECISION-MAKING-2021","1","99","9","DM-2021-Q099","Cognitive Biases and Barriers to Decision Making","Overconfidence and status-quo bias","dm-overconfidence-and-status-quo-bias-05d95d99","46ae4d81-6d34-4006-83df-9582cffbf205","Q.99) Tendency to maintain things as they are even when that may be significantly less than the optimal is termed as -"
"Decision Making","1f91467a-69bd-4515-b125-d60c4e7ca4a0","NABARD-P1-DECISION-MAKING-2021","1","100","10","DM-2021-Q100","Decision Styles, Leadership and Organisational Context","Decision-making styles and leadership approaches","dm-decision-making-styles-and-leadership-approaches-b2d84bc0","db04248a-f2fe-48fc-92e2-f60791eb04a4","Q.100) Leadership style where leader uses knowledge and past experience to reach a decision without seeking information "
"Decision Making","1f91467a-69bd-4515-b125-d60c4e7ca4a0","NABARD-P1-DECISION-MAKING-2022-EVENING","1","91","1","DM-2022-Q091","Group Decision Making and Communication","Structured group decision-making techniques","dm-structured-group-decision-making-techniques-3008c348","d7eca68b-b716-4945-a686-ba42874d548f","Q.91) Which of the following techniques of decision making involves a process for arriving at an evaluation of decisions"
"Decision Making","1f91467a-69bd-4515-b125-d60c4e7ca4a0","NABARD-P1-DECISION-MAKING-2022-EVENING","1","92","2","DM-2022-Q092","Decision Models and Rationality","Types of decisions and decision levels","dm-types-of-decisions-and-decision-levels-89e1bfd5","d3b9b48a-a6e2-409b-b929-f3020df1976e","Q.92) Which type of a decision would it be when an employee in a company is working out a schedule to ensure that all th"
"Decision Making","1f91467a-69bd-4515-b125-d60c4e7ca4a0","NABARD-P1-DECISION-MAKING-2022-EVENING","1","93","3","DM-2022-Q093","Cognitive Biases and Barriers to Decision Making","Anchoring, framing and presentation effects","dm-anchoring-framing-and-presentation-effects-f98cb084","cc6eb947-cfe9-4e9b-80dc-3e7b1a72f1ce","Q.93) What type of bias relies too heavily on one piece of information in making a final decision?"
"Decision Making","1f91467a-69bd-4515-b125-d60c4e7ca4a0","NABARD-P1-DECISION-MAKING-2022-EVENING","1","94","4","DM-2022-Q094","Decision Models and Rationality","Bounded rationality and limits on information processing","dm-bounded-rationality-and-limits-on-information-processing-5f6bbc58","49f8db6f-2da4-4a54-826f-a341e55a1c69","Q.94) A manager's freedom to make totally rational decisions is restricted by internal and external environmental factor"
"Decision Making","1f91467a-69bd-4515-b125-d60c4e7ca4a0","NABARD-P1-DECISION-MAKING-2022-EVENING","1","95","5","DM-2022-Q095","Decision Models and Rationality","Rational decision-making model and its assumptions","dm-rational-decision-making-model-and-its-assumptions-4e7de69b","f168e2fb-3b58-49d1-b0aa-c8a5af1bcbab","Q.95) A decision is said to be rational when it is based on _______."
"Decision Making","1f91467a-69bd-4515-b125-d60c4e7ca4a0","NABARD-P1-DECISION-MAKING-2022-EVENING","1","96","6","DM-2022-Q096","Cognitive Biases and Barriers to Decision Making","Anchoring, framing and presentation effects","dm-anchoring-framing-and-presentation-effects-f98cb084","4f458072-cd52-4c7c-944f-15db74c56947","Q.96) The propensity of a decision maker to be influenced by the manner in which the information is presented to him/her"
"Decision Making","1f91467a-69bd-4515-b125-d60c4e7ca4a0","NABARD-P1-DECISION-MAKING-2022-EVENING","1","97","7","DM-2022-Q097","Group Decision Making and Communication","Structured group decision-making techniques","dm-structured-group-decision-making-techniques-3008c348","852d9950-a47a-40dd-9bee-fa6c38dae2dd","Q.97) Discussing a problem face to face with open mind by a group of selected persons is known as _________"
"Decision Making","1f91467a-69bd-4515-b125-d60c4e7ca4a0","NABARD-P1-DECISION-MAKING-2022-EVENING","1","98","8","DM-2022-Q098","Decision Models and Rationality","Bounded rationality and limits on information processing","dm-bounded-rationality-and-limits-on-information-processing-5f6bbc58","9591217a-658c-4eab-9354-17bf67ad0008","Q.98) __________ emerges when decision makers have limits on their ability to assimilate large amounts of information."
"Decision Making","1f91467a-69bd-4515-b125-d60c4e7ca4a0","NABARD-P1-DECISION-MAKING-2022-EVENING","1","99","9","DM-2022-Q099","Decision Styles, Leadership and Organisational Context","Decision theories from allied disciplines","dm-decision-theories-from-allied-disciplines-2f9e04a5","362ba5a5-1297-400c-9289-07225f41ce84","Q.99) Prospect theory of decision making is given by ________."
"Decision Making","1f91467a-69bd-4515-b125-d60c4e7ca4a0","NABARD-P1-DECISION-MAKING-2022-EVENING","1","100","10","DM-2022-Q100","Decision Models and Rationality","Steps in the decision-making process","dm-steps-in-the-decision-making-process-0df42d5e","52317b9b-bb75-4ba5-8f53-c53eecb5149f","Q.100)Manish is going on a vacation and needs to book a hotel. He shortlists 3 hotels and is now comparing them on the b"
"Decision Making","1f91467a-69bd-4515-b125-d60c4e7ca4a0","NABARD-P1-DECISION-MAKING-2022-MORNING","1","91","1","DM-2022-Q091","Analytical Tools and Techniques","Quantitative methods and analytics in decision making","dm-quantitative-methods-and-analytics-in-decision-making-701a2eb5","007103b8-8269-48d1-a596-3daef769573c","Q.91) Which of the following is a quantitative method of decision making?"
"Decision Making","1f91467a-69bd-4515-b125-d60c4e7ca4a0","NABARD-P1-DECISION-MAKING-2022-MORNING","1","92","2","DM-2022-Q092","Cognitive Biases and Barriers to Decision Making","Selective perception and similarity bias","dm-selective-perception-and-similarity-bias-e03616b7","e0eb333a-f056-4afc-ab31-774b8f25b4c5","Q.92) Tendency to see a particular situation or issue from chosen perspective, influencing our ability to understand alt"
"Decision Making","1f91467a-69bd-4515-b125-d60c4e7ca4a0","NABARD-P1-DECISION-MAKING-2022-MORNING","1","93","3","DM-2022-Q093","Analytical Tools and Techniques","Root cause analysis and problem-solving tools","dm-root-cause-analysis-and-problem-solving-tools-a1ae3806","109c6192-d16b-4391-8a33-c527595ad72c","Q.93) Which of the following problem-solving tools is a visual means of displaying the sequence of activities and decisi"
"Decision Making","1f91467a-69bd-4515-b125-d60c4e7ca4a0","NABARD-P1-DECISION-MAKING-2022-MORNING","1","94","4","DM-2022-Q094","Cognitive Biases and Barriers to Decision Making","Anchoring, framing and presentation effects","dm-anchoring-framing-and-presentation-effects-f98cb084","8ce28419-37c0-4a1f-8690-d2c4ebd36961","Q.94) One of the barriers to good decision making is setting out to solve wrong problem because we have created a mental"
"Decision Making","1f91467a-69bd-4515-b125-d60c4e7ca4a0","NABARD-P1-DECISION-MAKING-2022-MORNING","1","95","5","DM-2022-Q095","Analytical Tools and Techniques","Quantitative methods and analytics in decision making","dm-quantitative-methods-and-analytics-in-decision-making-701a2eb5","7676fdaf-1d65-4c4b-b8ec-fd1b0cc5056d","Q.95) The type of Data Analytics which is used to make forecasts about future trends and answer the question ‘What might"
"Decision Making","1f91467a-69bd-4515-b125-d60c4e7ca4a0","NABARD-P1-DECISION-MAKING-2022-MORNING","1","96","6","DM-2022-Q096","Analytical Tools and Techniques","Heuristics and judgemental problems","dm-heuristics-and-judgemental-problems-098fa72f","ac40a796-e483-4b97-b3ad-c1e64b209121","Q.96) Most ‘judgemental problems’ are solved by"
"Decision Making","1f91467a-69bd-4515-b125-d60c4e7ca4a0","NABARD-P1-DECISION-MAKING-2022-MORNING","1","97","7","DM-2022-Q097","Analytical Tools and Techniques","Root cause analysis and problem-solving tools","dm-root-cause-analysis-and-problem-solving-tools-a1ae3806","2c9bfe11-9529-41c1-bbca-f0a44b261d55","Q.97) In Root Cause Analysis (RCA), which of the following is the cause in case people did something wrong or did not do"
"Decision Making","1f91467a-69bd-4515-b125-d60c4e7ca4a0","NABARD-P1-DECISION-MAKING-2022-MORNING","1","98","8","DM-2022-Q098","Group Decision Making and Communication","Communication, conflict and delay in group decisions","dm-communication-conflict-and-delay-in-group-decisions-2de1c775","68a501a2-0086-464f-808c-1f8539d963dc","Q.98) Effective communication during decision making process will help to minimize"
"Decision Making","1f91467a-69bd-4515-b125-d60c4e7ca4a0","NABARD-P1-DECISION-MAKING-2022-MORNING","1","99","9","DM-2022-Q099","Cognitive Biases and Barriers to Decision Making","Overconfidence and status-quo bias","dm-overconfidence-and-status-quo-bias-05d95d99","fe514612-5c43-48e4-8c6f-534c6b4e773c","Q.99) Overconfidence about our judgement abilities and prediction accuracy, as we remember our successes and quickly for"
"Decision Making","1f91467a-69bd-4515-b125-d60c4e7ca4a0","NABARD-P1-DECISION-MAKING-2022-MORNING","1","100","10","DM-2022-Q100","Decision Styles, Leadership and Organisational Context","Decision-making styles and leadership approaches","dm-decision-making-styles-and-leadership-approaches-b2d84bc0","6f58b437-2549-489d-b626-e5ed2b776e02","Q.100) Which of the following decision making style is suitable for a leader where there are more than one right answer "
"Decision Making","1f91467a-69bd-4515-b125-d60c4e7ca4a0","NABARD-P1-DECISION-MAKING-2023","1","1","1","DM-2023-Q001","Analytical Tools and Techniques","Root cause analysis and problem-solving tools","dm-root-cause-analysis-and-problem-solving-tools-a1ae3806","a13429c6-4ae5-46d9-a868-380c0e38b4b9","Q.1) What technique is used to identify the most important factors that contribute to a particular problem or outcome, b"
"Decision Making","1f91467a-69bd-4515-b125-d60c4e7ca4a0","NABARD-P1-DECISION-MAKING-2023","1","2","2","DM-2023-Q002","Cognitive Biases and Barriers to Decision Making","Confirmation bias and debiasing strategies","dm-confirmation-bias-and-debiasing-strategies-0567e8ea","4faf18e9-ef74-4a46-b047-0fca7fc09b5b","Q.2) What strategies can individuals employ to mitigate confirmation bias in their decisionmaking processes?"
"Decision Making","1f91467a-69bd-4515-b125-d60c4e7ca4a0","NABARD-P1-DECISION-MAKING-2023","1","3","3","DM-2023-Q003","Group Decision Making and Communication","Communication, conflict and delay in group decisions","dm-communication-conflict-and-delay-in-group-decisions-2de1c775","79226c2d-7255-4c33-b97d-6858fb707ae9","Q.3) What are the key factors contributing to procrastination in the decision-making process among the following options"
"Decision Making","1f91467a-69bd-4515-b125-d60c4e7ca4a0","NABARD-P1-DECISION-MAKING-2023","1","4","4","DM-2023-Q004","Group Decision Making and Communication","Structured group decision-making techniques","dm-structured-group-decision-making-techniques-3008c348","b83b0827-6ac9-4a22-837d-9f932d776d5c","Q.4) What is the term for a methodology that utilizes a panel of experts who provide anonymous responses to structured q"
"Decision Making","1f91467a-69bd-4515-b125-d60c4e7ca4a0","NABARD-P1-DECISION-MAKING-2023","1","5","5","DM-2023-Q005","Decision Styles, Leadership and Organisational Context","Decision-making styles and leadership approaches","dm-decision-making-styles-and-leadership-approaches-b2d84bc0","aae5e006-262a-4982-b471-c0ea2be27d62","Q.5) In situations marked by uncertainty in the condition or outcome, but where the associated risk is deemed minimal, w"
"Decision Making","1f91467a-69bd-4515-b125-d60c4e7ca4a0","NABARD-P1-DECISION-MAKING-2023","1","6","6","DM-2023-Q006","Decision Models and Rationality","Steps in the decision-making process","dm-steps-in-the-decision-making-process-0df42d5e","c7695d8e-8712-4722-b2c3-ace594ec9478","Q.6) What constitutes the initial step in the process of content analysis as applied to decision making?"
"Decision Making","1f91467a-69bd-4515-b125-d60c4e7ca4a0","NABARD-P1-DECISION-MAKING-2023","1","7","7","DM-2023-Q007","Analytical Tools and Techniques","Heuristics and judgemental problems","dm-heuristics-and-judgemental-problems-098fa72f","6aff76fe-4883-4ee4-a5c2-6dd55a307245","Q.7) Which is the most precise definition of a random heuristic among the following options? areas of the search space."
"Decision Making","1f91467a-69bd-4515-b125-d60c4e7ca4a0","NABARD-P1-DECISION-MAKING-2023","1","8","8","DM-2023-Q008","Decision Models and Rationality","Bounded rationality and limits on information processing","dm-bounded-rationality-and-limits-on-information-processing-5f6bbc58","0f691e3a-3a2a-48e8-ab96-a04d50a3cfe4","Q.8) Which of the following is a characteristic of the bounded rationality model?"
"Decision Making","1f91467a-69bd-4515-b125-d60c4e7ca4a0","NABARD-P1-DECISION-MAKING-2023","1","9","9","DM-2023-Q009","Decision Models and Rationality","Rational decision-making model and its assumptions","dm-rational-decision-making-model-and-its-assumptions-4e7de69b","f5e266a3-d51a-45d3-8224-6f6fa0d172e3","Q.9) Among the following, which assumption does not align with the principles of rational decision-making?"
"Decision Making","1f91467a-69bd-4515-b125-d60c4e7ca4a0","NABARD-P1-DECISION-MAKING-2023","1","10","10","DM-2023-Q010","Group Decision Making and Communication","Communication, conflict and delay in group decisions","dm-communication-conflict-and-delay-in-group-decisions-2de1c775","db32d749-9a14-4283-b7b7-a5b337a8bff3","Q.10) Consider the following statements regarding group conflict. 1) Group conflict can arise due to differences in goal"
"Economic & Social Issues","1a874661-957e-4c81-a90f-b0634834d889","NABARD-P1-ESI-2020","1","121","1","ESI-2020-Q121","Agricultural Economy and Food Policy","Agricultural trade and export policy","esi-agricultural-trade-and-export-policy-b0c137b5","afa131b2-051a-474d-986a-d8d0e2c98588","Q.121)The Agricultural Export Policy was introduced in December 2018 which aims at doublingagricultural exports from 30 "
"Economic & Social Issues","1a874661-957e-4c81-a90f-b0634834d889","NABARD-P1-ESI-2020","1","122","2","ESI-2020-Q122","Agricultural Economy and Food Policy","Sustainable agriculture missions","esi-sustainable-agriculture-missions-75203ccb","2051c769-6b27-458e-8084-1411297d3fd4","Q.122)Which of the following components is not under the National Mission for Sustainable Agriculture?"
"Economic & Social Issues","1a874661-957e-4c81-a90f-b0634834d889","NABARD-P1-ESI-2020","1","123","3","ESI-2020-Q123","Rural Development and Panchayati Raj","Village and Gram Panchayat development schemes","esi-village-and-gram-panchayat-development-schemes-5199e3ce","556ae734-dcf8-48db-ad06-be6a3cd55c09","Q.123)Sansad Adarsh Gram Yojana which is a demand driven scheme, inspired by society, is based on which of the following"
"Economic & Social Issues","1a874661-957e-4c81-a90f-b0634834d889","NABARD-P1-ESI-2020","1","124","4","ESI-2020-Q124","Agricultural Economy and Food Policy","Irrigation, water resources and river linking","esi-irrigation-water-resources-and-river-linking-1923c369","11880977-b0f5-4618-a7c9-a842f5e7a191","Q.124)Which of the following is not true regarding PMKSY?"
"Economic & Social Issues","1a874661-957e-4c81-a90f-b0634834d889","NABARD-P1-ESI-2020","1","125","5","ESI-2020-Q125","International Institutions, Indices and Reports","Global indices and India's rank","esi-global-indices-and-india-s-rank-c4195427","5fd5c9a3-cde7-47e6-bb2e-5a14ef2cfa49","Q.125) India ‘s rank under Human Development Index, 2019 is"
"Economic & Social Issues","1a874661-957e-4c81-a90f-b0634834d889","NABARD-P1-ESI-2020","1","126","6","ESI-2020-Q126","Indian Economy, Public Finance and Industry","Inflation measurement and price indices","esi-inflation-measurement-and-price-indices-b4ee8a99","f3c609c5-a36c-4871-90aa-3bb6aa31c1cb","Q.126) Retail inflation rose to about five -and-half year high of ___ percent in December 2019"
"Economic & Social Issues","1a874661-957e-4c81-a90f-b0634834d889","NABARD-P1-ESI-2020","1","127","7","ESI-2020-Q127","Rural Development and Panchayati Raj","Rural skilling and livelihood missions","esi-rural-skilling-and-livelihood-missions-3289ae30","ff21ebba-7840-429a-bb41-d0457a8eaa04","Q.127) Union government on 25 September 2014 launched Deen Dayal Upadhyaya Grameen Kaushalya Yojana under which of the f"
"Economic & Social Issues","1a874661-957e-4c81-a90f-b0634834d889","NABARD-P1-ESI-2020","1","128","8","ESI-2020-Q128","Indian Economy, Public Finance and Industry","National income aggregates and growth estimates","esi-national-income-aggregates-and-growth-estimates-10e4a846","db9ecf70-aa41-470d-ba1a-d9041a813926","Q.128) As per Economic Survey, GDP of 2019 -20 is expected to be 5% when compared to GDP of 2018-19 which stood at _____"
"Economic & Social Issues","1a874661-957e-4c81-a90f-b0634834d889","NABARD-P1-ESI-2020","1","129","9","ESI-2020-Q129","Agricultural Economy and Food Policy","Food processing and value-chain schemes","esi-food-processing-and-value-chain-schemes-62dad586","107a950f-10c5-4762-8c3e-a682f809f584","Q.129) Which of the following is not a part of PM Kisan Sampada Scheme?"
"Economic & Social Issues","1a874661-957e-4c81-a90f-b0634834d889","NABARD-P1-ESI-2020","1","130","10","ESI-2020-Q130","Indian Economy, Public Finance and Industry","Insolvency and economic legislation","esi-insolvency-and-economic-legislation-e23a20e2","60961996-b375-4701-bad8-dd928721a2ff","Q.130) As per IBC bill, 2016, the deadline for resolution of cases has been extended from 270 to____ days"
"Economic & Social Issues","1a874661-957e-4c81-a90f-b0634834d889","NABARD-P1-ESI-2020","1","131","11","ESI-2020-Q131","Indian Economy, Public Finance and Industry","State and regional economic performance","esi-state-and-regional-economic-performance-9e62f78b","19c292a4-abb8-459a-8315-a90ef06151be","Q.131) Which Indian state in India has the highest Gross State Domestic Product?"
"Economic & Social Issues","1a874661-957e-4c81-a90f-b0634834d889","NABARD-P1-ESI-2020","1","132","12","ESI-2020-Q132","International Institutions, Indices and Reports","Global risk and outlook reports","esi-global-risk-and-outlook-reports-4882c2f5","774e2059-7611-4313-be15-494b71f18dc8","Q.132) As per Global Risk Report 2020, released by WEF, the global risks in terms of likelihood include 1) Extreme weath"
"Economic & Social Issues","1a874661-957e-4c81-a90f-b0634834d889","NABARD-P1-ESI-2020","1","133","13","ESI-2020-Q133","Constitution, Governance and Institutions","Constitutional amendments and reservation","esi-constitutional-amendments-and-reservation-aed5ab8e","c1a57f42-8b2a-498f-9b1f-681c33398650","Q.133) 124th constitutional amendment Bill states 10% reservation to EWS, the Bill shows income limit for the same is __"
"Economic & Social Issues","1a874661-957e-4c81-a90f-b0634834d889","NABARD-P1-ESI-2020","1","134","14","ESI-2020-Q134","Banking, Credit and Financial Inclusion","NABARD, RIDF and development finance","esi-nabard-ridf-and-development-finance-6429a74d","911a9609-d9fb-447f-b1d2-1bea69c7b894","Q.134) NABARD to raise Rs 55000 Cr from the market for the year 2020 through longterm bonds of usually __________ years "
"Economic & Social Issues","1a874661-957e-4c81-a90f-b0634834d889","NABARD-P1-ESI-2020","1","135","15","ESI-2020-Q135","Agricultural Economy and Food Policy","Agricultural marketing reform and indices","esi-agricultural-marketing-reform-and-indices-387d7e72","92320eff-c511-4a9f-b7ec-2b78b9b9a61b","Q.135) Agriculture Markets and Farmers Friendly Index is a project of"
"Economic & Social Issues","1a874661-957e-4c81-a90f-b0634834d889","NABARD-P1-ESI-2020","1","136","16","ESI-2020-Q136","Agricultural Economy and Food Policy","Agricultural marketing reform and indices","esi-agricultural-marketing-reform-and-indices-387d7e72","6ce359ac-3115-4236-803c-cf750d5e9f27","Q.136) Which of the following are the institutional reforms to improve agricultural performance?"
"Economic & Social Issues","1a874661-957e-4c81-a90f-b0634834d889","NABARD-P1-ESI-2020","1","137","17","ESI-2020-Q137","Agricultural Economy and Food Policy","Farming systems and operational land holdings","esi-farming-systems-and-operational-land-holdings-dc30542d","2d9edd80-40c3-4759-8eb3-8fc1d3142f52","Q.137) In which type of farming, large amount of labour and capital is used relative to the land Available?"
"Economic & Social Issues","1a874661-957e-4c81-a90f-b0634834d889","NABARD-P1-ESI-2020","1","138","18","ESI-2020-Q138","Agricultural Economy and Food Policy","Crop production estimates and agricultural statistics","esi-crop-production-estimates-and-agricultural-statistics-cde429a8","b1475e9c-6c0a-4b1e-82e4-027cbd22761c","Q.138)As per First Advance Estimates, the estimated production of major crops during Kharif 2019-20, total food grain pr"
"Economic & Social Issues","1a874661-957e-4c81-a90f-b0634834d889","NABARD-P1-ESI-2020","1","139","19","ESI-2020-Q139","Indian Economy, Public Finance and Industry","Union Budget provisions and taxation","esi-union-budget-provisions-and-taxation-f43747fa","57f4fa86-03ba-4f27-9afb-3b4b6488dc71","Q.139) As per the budget 2020-21, which of the following is NOT true regarding the „Vivad Se Vishwas‟ Scheme? 1) The sch"
"Economic & Social Issues","1a874661-957e-4c81-a90f-b0634834d889","NABARD-P1-ESI-2020","1","140","20","ESI-2020-Q140","Indian Economy, Public Finance and Industry","Union Budget provisions and taxation","esi-union-budget-provisions-and-taxation-f43747fa","e52f2c25-fee1-4224-a651-71207fe67550","Q.140) How much amount has been allocated for Education by the Central Government of India in the budget 2020-21?"
"Economic & Social Issues","1a874661-957e-4c81-a90f-b0634834d889","NABARD-P1-ESI-2020","1","141","21","ESI-2020-Q141","Indian Economy, Public Finance and Industry","Industrial production and statistical agencies","esi-industrial-production-and-statistical-agencies-cb39c8b6","0864929c-a0cd-4d77-89ca-6906ef8c6526","Q.141) Index of Industrial Production is released by which of the following?"
"Economic & Social Issues","1a874661-957e-4c81-a90f-b0634834d889","NABARD-P1-ESI-2020","1","142","22","ESI-2020-Q142","Indian Economy, Public Finance and Industry","Balance of payments and the external sector","esi-balance-of-payments-and-the-external-sector-a23a8009","9b34370e-166a-4b8a-83f7-d446af3be5f9","Q.142) India imports approximately what percentage of its crude oil consumption?"
"Economic & Social Issues","1a874661-957e-4c81-a90f-b0634834d889","NABARD-P1-ESI-2020","1","143","23","ESI-2020-Q143","Banking, Credit and Financial Inclusion","Financial stability assessment and reporting","esi-financial-stability-assessment-and-reporting-4c5c423c","7cddf526-5adf-4b7a-bba1-2db5683d767d","Q.143) Financial stability assessment under Financial Sector Assessment Program is conducted by which of the following?"
"Economic & Social Issues","1a874661-957e-4c81-a90f-b0634834d889","NABARD-P1-ESI-2020","1","144","24","ESI-2020-Q144","Banking, Credit and Financial Inclusion","Sovereign and infrastructure funds","esi-sovereign-and-infrastructure-funds-e9546148","5a511723-84ee-443a-bbd6-c14ae85ff439","Q.144) What is government's share in India's first sovereign wealth fund National investment and infrastructure fund?"
"Economic & Social Issues","1a874661-957e-4c81-a90f-b0634834d889","NABARD-P1-ESI-2020","1","145","25","ESI-2020-Q145","Banking, Credit and Financial Inclusion","RBI committees and working groups","esi-rbi-committees-and-working-groups-c7e79711","d53c7136-05d1-4c0d-846d-214dba33abf1","Q.145) RBI constituted a task force on offshore rupee market. Who among the following is heading the same?"
"Economic & Social Issues","1a874661-957e-4c81-a90f-b0634834d889","NABARD-P1-ESI-2020","1","146","26","ESI-2020-Q146","International Institutions, Indices and Reports","Global indices and India's rank","esi-global-indices-and-india-s-rank-c4195427","3ee4280f-482e-4b01-921f-3caa37cf2959","Q.146) Logistics Performance Index is published by which of the following?"
"Economic & Social Issues","1a874661-957e-4c81-a90f-b0634834d889","NABARD-P1-ESI-2020","1","147","27","ESI-2020-Q147","Indian Economy, Public Finance and Industry","Industrial policy and manufacturing","esi-industrial-policy-and-manufacturing-ea8d14cb","c8cb836e-21fd-4394-be0a-13488fed8a1a","Q.147) Industrial policy of India which is in place now is of ______, which DPIIT is planning to replace or amend?"
"Economic & Social Issues","1a874661-957e-4c81-a90f-b0634834d889","NABARD-P1-ESI-2020","1","148","28","ESI-2020-Q148","International Institutions, Indices and Reports","Growth forecasts by international agencies","esi-growth-forecasts-by-international-agencies-f9efa8b2","fbb664dd-649d-4def-a3d4-c047d8990106","Q.148) The World Bank lowered its growth estimate for India to ____ per cent for the current fiscal from the earlier pro"
"Economic & Social Issues","1a874661-957e-4c81-a90f-b0634834d889","NABARD-P1-ESI-2020","1","149","29","ESI-2020-Q149","Education, Health and Human Development","National Education Policy 2020","esi-national-education-policy-2020-fd9f53fb","13371f15-7550-4556-9e6b-ba1e138c6234","Q.149) Which of the following is the challenge mentioned in the National draft education policy along with Access, equit"
"Economic & Social Issues","1a874661-957e-4c81-a90f-b0634834d889","NABARD-P1-ESI-2020","1","150","30","ESI-2020-Q150","Agricultural Economy and Food Policy","Food processing and value-chain schemes","esi-food-processing-and-value-chain-schemes-62dad586","966e6149-d505-4b09-9105-aef5843511c4","Q.150) As per the mega food parks scheme, the capital grants from centre for special states would be ___ %"
"Economic & Social Issues","1a874661-957e-4c81-a90f-b0634834d889","NABARD-P1-ESI-2020","1","151","31","ESI-2020-Q151","Rural Development and Panchayati Raj","Panchayati Raj institutions and rural governance","esi-panchayati-raj-institutions-and-rural-governance-96724f0e","f246bd20-e6f6-40a9-8643-ba3f5764fe18","Q.151) Rashtriya Gram Swaraj yojana which is a restructured erstwhile scheme and launched in 2018, has a sunset date of"
"Economic & Social Issues","1a874661-957e-4c81-a90f-b0634834d889","NABARD-P1-ESI-2020","1","152","32","ESI-2020-Q152","Indian Economy, Public Finance and Industry","Sectoral composition of the economy","esi-sectoral-composition-of-the-economy-68abedde","8e199bbe-662e-43db-a8f9-828a29cd18ae","Q.152) As per Economic Survey, the service sector contribution to the total economy of India is ____ %"
"Economic & Social Issues","1a874661-957e-4c81-a90f-b0634834d889","NABARD-P1-ESI-2020","1","153","33","ESI-2020-Q153","Rural Development and Panchayati Raj","Aspirational Districts Programme","esi-aspirational-districts-programme-6a7644df","e0e88505-a5f0-4880-aef9-78de3c5e3d4b","Q.153) The Transformation of Aspirational District’s Programme which aims to expeditious improve the socio-economic stat"
"Economic & Social Issues","1a874661-957e-4c81-a90f-b0634834d889","NABARD-P1-ESI-2020","1","154","34","ESI-2020-Q154","Rural Development and Panchayati Raj","Rural roads and PMGSY","esi-rural-roads-and-pmgsy-2cb50665","7c2b4f60-7f20-492e-9d16-5a38b38b78dd","Q.154) The Phase-III of PMGSY which aims at consolidation of 1,25,000 Kms Through Routes and Major Rural Links that conn"
"Economic & Social Issues","1a874661-957e-4c81-a90f-b0634834d889","NABARD-P1-ESI-2020","1","155","35","ESI-2020-Q155","International Institutions, Indices and Reports","International economic forums and summit declarations","esi-international-economic-forums-and-summit-declarations-4cfa2293","aad9a872-86fb-4c83-af2d-51bb409e389b","Q.155) The theme of the World Economic Forum's meeting for 2020 held in Davos is"
"Economic & Social Issues","1a874661-957e-4c81-a90f-b0634834d889","NABARD-P1-ESI-2020","1","156","36","ESI-2020-Q156","International Institutions, Indices and Reports","Growth forecasts by international agencies","esi-growth-forecasts-by-international-agencies-f9efa8b2","54409308-7d7f-4739-94d5-90aaf0c3da8a","Q.156) UN lowered its GDP growth estimate for India to ____ % in FY20 (from 7.6 per cent forecast in WESP 2019), release"
"Economic & Social Issues","1a874661-957e-4c81-a90f-b0634834d889","NABARD-P1-ESI-2020","1","157","37","ESI-2020-Q157","International Institutions, Indices and Reports","Growth forecasts by international agencies","esi-growth-forecasts-by-international-agencies-f9efa8b2","309556c3-d4e8-4780-97fe-0ce08bfc0df1","Q.157) Which of the following is the reason behind IMF’s lowering of GDP growth of India for 2019-20?"
"Economic & Social Issues","1a874661-957e-4c81-a90f-b0634834d889","NABARD-P1-ESI-2020","1","158","38","ESI-2020-Q158","Welfare Schemes and Social Security","Pension schemes for unorganised workers and farmers","esi-pension-schemes-for-unorganised-workers-and-farmers-d8bd0eda","9adce4a6-d8b3-4c1b-b3dd-a238f68ed665","Q.158) The age eligibility for PM Kisan Maan Dhan Yojana is"
"Economic & Social Issues","1a874661-957e-4c81-a90f-b0634834d889","NABARD-P1-ESI-2020","1","159","39","ESI-2020-Q159","Rural Development and Panchayati Raj","DAY-NRLM, self-help groups and rural livelihoods","esi-day-nrlm-self-help-groups-and-rural-livelihoods-afd82160","cd91087b-1058-4374-b67e-73a730a2a52b","Q.159) The aim of DAY-NRLM is"
"Economic & Social Issues","1a874661-957e-4c81-a90f-b0634834d889","NABARD-P1-ESI-2020","1","160","40","ESI-2020-Q160","Welfare Schemes and Social Security","Poverty alleviation packages and Garib Kalyan schemes","esi-poverty-alleviation-packages-and-garib-kalyan-schemes-edf1c6f8","c58a20bc-174a-4119-8793-b590a075efd0","Q.160) Which of the following has launched PM Garib Kalyan Vikas Yojana with the help of RBI?"
"Economic & Social Issues","1a874661-957e-4c81-a90f-b0634834d889","NABARD-P1-ESI-2021","1","121","1","ESI-2021-Q121","Education, Health and Human Development","School education schemes and curriculum frameworks","esi-school-education-schemes-and-curriculum-frameworks-ce15e747","baa18078-f915-413f-8bb2-ee38123400aa","Q.121) Samagra Shiksha is an ambitious programme for the school education till class 12. It was launched in which year?"
"Economic & Social Issues","1a874661-957e-4c81-a90f-b0634834d889","NABARD-P1-ESI-2021","1","122","2","ESI-2021-Q122","Welfare Schemes and Social Security","Women and child welfare schemes","esi-women-and-child-welfare-schemes-b322a19f","9ba17358-cf0d-4c29-9eeb-4a6097551d9d","Q.122) Which of the following signifies the prime aim of the Beti Bachao Beti Padhao Scheme?"
"Economic & Social Issues","1a874661-957e-4c81-a90f-b0634834d889","NABARD-P1-ESI-2021","1","123","3","ESI-2021-Q123","Banking, Credit and Financial Inclusion","Financial stability assessment and reporting","esi-financial-stability-assessment-and-reporting-4c5c423c","e1f9dbce-ff92-4017-8ce7-6154e815a7a8","Q.123) Financial Stability Report which contains an assessment of financial sectors in India and also the collective eff"
"Economic & Social Issues","1a874661-957e-4c81-a90f-b0634834d889","NABARD-P1-ESI-2021","1","124","4","ESI-2021-Q124","Banking, Credit and Financial Inclusion","Public sector bank reforms","esi-public-sector-bank-reforms-3d69d7d1","e39b6441-8c5a-42ec-8e25-e9ad7c24b785","Q.124) Recently, Union Minister for Finance Smt. Nirmala Sitharaman unveiled EASE 4.0, the Public Sector Bank (PSB) Refo"
"Economic & Social Issues","1a874661-957e-4c81-a90f-b0634834d889","NABARD-P1-ESI-2021","1","125","5","ESI-2021-Q125","Banking, Credit and Financial Inclusion","Capital market instruments and regulation","esi-capital-market-instruments-and-regulation-80c7bce4","26f600a4-f446-45d1-a6f0-0d8452a348a7","Q.125) REITs and InvITs are innovative vehicles that allow developers to monetize revenue- generating real estate and in"
"Economic & Social Issues","1a874661-957e-4c81-a90f-b0634834d889","NABARD-P1-ESI-2021","1","126","6","ESI-2021-Q126","International Institutions, Indices and Reports","United Nations agencies and campaigns","esi-united-nations-agencies-and-campaigns-3b306d64","8e790a5f-49bc-46ef-8a9a-6fb1ace3f21e","Q.126) The United Nations Development Programme (UNDP) has launched 'Sahi Disha' campaign to celebrate___________?"
"Economic & Social Issues","1a874661-957e-4c81-a90f-b0634834d889","NABARD-P1-ESI-2021","1","127","7","ESI-2021-Q127","Agricultural Economy and Food Policy","Irrigation, water resources and river linking","esi-irrigation-water-resources-and-river-linking-1923c369","34f890b7-33e2-46b5-bb0d-d81c1b410af5","Q.127) Ministry of Jal Shakti has prepared plan for transferring water from water surplus region to water deficit region"
"Economic & Social Issues","1a874661-957e-4c81-a90f-b0634834d889","NABARD-P1-ESI-2021","1","128","8","ESI-2021-Q128","Education, Health and Human Development","School education schemes and curriculum frameworks","esi-school-education-schemes-and-curriculum-frameworks-ce15e747","b4ae2209-4fee-4e10-b744-c07007b49f0a","Q.128) Ministry of Education has launched a National Initiative “NIPUN Bharat”. Identify the major aims and objective of"
"Economic & Social Issues","1a874661-957e-4c81-a90f-b0634834d889","NABARD-P1-ESI-2021","1","129","9","ESI-2021-Q129","Banking, Credit and Financial Inclusion","Microfinance sector and its regulation","esi-microfinance-sector-and-its-regulation-28890afb","e8fa6b64-bc20-4ddd-86d3-9d0dd5ac1e69","Q.129) To tackle menace in Microfinance sector after 2010 Andhra Crisis, identify the committee which has been set up by"
"Economic & Social Issues","1a874661-957e-4c81-a90f-b0634834d889","NABARD-P1-ESI-2021","1","130","10","ESI-2021-Q130","Agricultural Economy and Food Policy","Solar and renewable energy schemes in agriculture","esi-solar-and-renewable-energy-schemes-in-agriculture-29cb0ba0","5d58dc89-bae1-4f86-9c7e-cad97bd9100d","Q.130) What is the objective of PM KUSUM scheme?"
"Economic & Social Issues","1a874661-957e-4c81-a90f-b0634834d889","NABARD-P1-ESI-2021","1","131","11","ESI-2021-Q131","Welfare Schemes and Social Security","Pandemic relief packages and worker support","esi-pandemic-relief-packages-and-worker-support-fa7351c0","e58a6344-9087-421c-a223-1eba6122c392","Q.131) Pradhan Mantri Garib Kalyan Yojna launched Insurance Scheme for Health Workers Fighting COVID -19’ was launched t"
"Economic & Social Issues","1a874661-957e-4c81-a90f-b0634834d889","NABARD-P1-ESI-2021","1","132","12","ESI-2021-Q132","Banking, Credit and Financial Inclusion","Kisan Credit Card and agricultural credit","esi-kisan-credit-card-and-agricultural-credit-507c08b4","362989e7-bc49-460b-b63d-d4d3f73b589b","Q.132) The Kisan Credit Card scheme is a Government of India scheme which provides farmers with timely access to credit."
"Economic & Social Issues","1a874661-957e-4c81-a90f-b0634834d889","NABARD-P1-ESI-2021","1","133","13","ESI-2021-Q133","Banking, Credit and Financial Inclusion","Differentiated banks and rural banking","esi-differentiated-banks-and-rural-banking-4d20c619","d8d2bdd2-8909-40e3-8f0c-a2c00ef9e21d","Q.133) Which of the following financial institution satisfies the following condition 1) provide financial services to t"
"Economic & Social Issues","1a874661-957e-4c81-a90f-b0634834d889","NABARD-P1-ESI-2021","1","134","14","ESI-2021-Q134","Banking, Credit and Financial Inclusion","Priority sector lending norms","esi-priority-sector-lending-norms-05568a2d","da06a4fb-625a-45ef-8d0d-dd7b652cde7d","Q.134) With a view to ensure continued availability of credit to agriculture, MSME and housing sectors and to facilitate"
"Economic & Social Issues","1a874661-957e-4c81-a90f-b0634834d889","NABARD-P1-ESI-2021","1","135","15","ESI-2021-Q135","Education, Health and Human Development","National Education Policy 2020","esi-national-education-policy-2020-fd9f53fb","063fd31a-ccc6-45c2-b9c5-f76909b9e7f1","Q.135) Identify the chairman of committee who recommended National Education policy 2020?"
"Economic & Social Issues","1a874661-957e-4c81-a90f-b0634834d889","NABARD-P1-ESI-2021","1","136","16","ESI-2021-Q136","Agricultural Economy and Food Policy","Agriculture infrastructure financing","esi-agriculture-infrastructure-financing-4d9c7437","9397e03f-cfcb-4552-a867-1c077c27deab","Q.136) Which of the following is not one of the features of Agriculture Infrastructure development fund."
"Economic & Social Issues","1a874661-957e-4c81-a90f-b0634834d889","NABARD-P1-ESI-2021","1","137","17","ESI-2021-Q137","Education, Health and Human Development","Higher education, enrolment and AISHE","esi-higher-education-enrolment-and-aishe-05a008bf","0474c956-a29c-4691-956b-5ad0eac3a844","Q.137) New Educational Policy 2020, has set an aim to increase the Gross enrolment ratio in higher Education including v"
"Economic & Social Issues","1a874661-957e-4c81-a90f-b0634834d889","NABARD-P1-ESI-2021","1","138","18","ESI-2021-Q138","Constitution, Governance and Institutions","Finance Commission and fiscal federalism","esi-finance-commission-and-fiscal-federalism-b65583a6","52ae5602-c8a9-4ee8-b73e-c67a310a47e8","Q.138) As per constitution, article 280 mandates for establishing Finance Commission every 5 year. Identify the date of "
"Economic & Social Issues","1a874661-957e-4c81-a90f-b0634834d889","NABARD-P1-ESI-2021","1","139","19","ESI-2021-Q139","Indian Economy, Public Finance and Industry","Union Budget provisions and taxation","esi-union-budget-provisions-and-taxation-f43747fa","b0198099-8750-491a-aa30-5c27dbec9345","Q.139) The Union Budget 2021 -22 with focus on Capital expenditure along with a Development Financial Institution is bas"
"Economic & Social Issues","1a874661-957e-4c81-a90f-b0634834d889","NABARD-P1-ESI-2021","1","140","20","ESI-2021-Q140","Constitution, Governance and Institutions","Finance Commission and fiscal federalism","esi-finance-commission-and-fiscal-federalism-b65583a6","0a690d51-556c-42e5-abe7-7ccda27d1e04","Q.140) The XV Finance Commission has recommended in its recently submitted report that health spending by states should "
"Economic & Social Issues","1a874661-957e-4c81-a90f-b0634834d889","NABARD-P1-ESI-2021","1","141","21","ESI-2021-Q141","Welfare Schemes and Social Security","Pension schemes for unorganised workers and farmers","esi-pension-schemes-for-unorganised-workers-and-farmers-d8bd0eda","564a2513-7fe3-4393-8f1f-14ded4083177","Q.141) Identify the correct statement about ATAL Pension Yojna 1) Applicable to all citizen of India aged between 18-40 "
"Economic & Social Issues","1a874661-957e-4c81-a90f-b0634834d889","NABARD-P1-ESI-2021","1","142","22","ESI-2021-Q142","Rural Development and Panchayati Raj","DAY-NRLM, self-help groups and rural livelihoods","esi-day-nrlm-self-help-groups-and-rural-livelihoods-afd82160","3a288c45-e2a1-4263-ab2e-81da4f2c7b35","Q.142) Analyse the following features and identify the scheme. 1) To provide support to Women Self Help Groups 2) To imp"
"Economic & Social Issues","1a874661-957e-4c81-a90f-b0634834d889","NABARD-P1-ESI-2021","1","143","23","ESI-2021-Q143","Indian Economy, Public Finance and Industry","Fiscal deficit and public finance","esi-fiscal-deficit-and-public-finance-3cbd6dfc","13612355-239e-474e-9fc3-049efa392aff","Q.143) Identify the fiscal deficit as per Union Budget 2021-22?"
"Economic & Social Issues","1a874661-957e-4c81-a90f-b0634834d889","NABARD-P1-ESI-2021","1","144","24","ESI-2021-Q144","Indian Economy, Public Finance and Industry","Union Budget provisions and taxation","esi-union-budget-provisions-and-taxation-f43747fa","b0e7de79-0038-44bf-9336-8a14f4820853","Q.144) According to the Union Budget 2021 -22, to promote digital economy, the gross turnover threshold for tax audit ha"
"Economic & Social Issues","1a874661-957e-4c81-a90f-b0634834d889","NABARD-P1-ESI-2021","1","145","25","ESI-2021-Q145","Rural Development and Panchayati Raj","Rural and urban housing schemes","esi-rural-and-urban-housing-schemes-92031959","75505edf-4f9c-433d-898f-d83ea14769d3","Q.145) Identify the incorrect statement about the Pradhan Mantri Awaas Yojana – Urban?"
"Economic & Social Issues","1a874661-957e-4c81-a90f-b0634834d889","NABARD-P1-ESI-2021","1","146","26","ESI-2021-Q146","Population, Employment and Social Indicators","Social legislation on women, children and the elderly","esi-social-legislation-on-women-children-and-the-elderly-320dd084","6a2d497e-6fec-4814-8c3c-35826750a726","Q.146) According to the Prohibition of Child Marriage Act, 2006, Child age is defined as"
"Economic & Social Issues","1a874661-957e-4c81-a90f-b0634834d889","NABARD-P1-ESI-2021","1","147","27","ESI-2021-Q147","International Institutions, Indices and Reports","Multilateral development banks and the IMF","esi-multilateral-development-banks-and-the-imf-76ca8ef5","d1f22190-045d-4c38-9513-b4d6abf7bac0","Q.147) Identify the Incorrect statement about New Development Bank (NDB)?"
"Economic & Social Issues","1a874661-957e-4c81-a90f-b0634834d889","NABARD-P1-ESI-2021","1","148","28","ESI-2021-Q148","International Institutions, Indices and Reports","International groupings and their membership","esi-international-groupings-and-their-membership-7b399f83","7c866b78-16ec-47be-b87d-e011464d76cd","Q.148)Which of the following country is not a member of Shanghai Cooperation Organisation (SCO)?"
"Economic & Social Issues","1a874661-957e-4c81-a90f-b0634834d889","NABARD-P1-ESI-2021","1","149","29","ESI-2021-Q149","International Institutions, Indices and Reports","International groupings and their membership","esi-international-groupings-and-their-membership-7b399f83","9dbd6b28-aec7-4ec3-bcdc-ed8ffb24f141","Q.149) Which of the following country is not a member of Association of South East Asian Nations (ASEAN)?"
"Economic & Social Issues","1a874661-957e-4c81-a90f-b0634834d889","NABARD-P1-ESI-2021","1","150","30","ESI-2021-Q150","Population, Employment and Social Indicators","Labour laws, wages and maternity benefit","esi-labour-laws-wages-and-maternity-benefit-4e442e0b","838407a6-e968-4a06-98a7-36f4836a136e","Q.150) As per Ministry of Labour and Employment, calories intake corresponding to income, considered for calculating min"
"Economic & Social Issues","1a874661-957e-4c81-a90f-b0634834d889","NABARD-P1-ESI-2021","1","151","31","ESI-2021-Q151","Indian Economy, Public Finance and Industry","Balance of payments and the external sector","esi-balance-of-payments-and-the-external-sector-a23a8009","16fa9ea4-8f70-446b-be8d-ed5a8c415557","Q.151) Which of the following shows the difference between exports and imports of goods and services?"
"Economic & Social Issues","1a874661-957e-4c81-a90f-b0634834d889","NABARD-P1-ESI-2021","1","152","32","ESI-2021-Q152","Banking, Credit and Financial Inclusion","Public sector bank reforms","esi-public-sector-bank-reforms-3d69d7d1","82d19cd7-018c-4b11-8f41-bacfcfb4860d","Q.152) In India, the Managing Director and Chief executive Officer of Public Sector Banks is recommended by which of the"
"Economic & Social Issues","1a874661-957e-4c81-a90f-b0634834d889","NABARD-P1-ESI-2021","1","153","33","ESI-2021-Q153","Indian Economy, Public Finance and Industry","Inflation measurement and price indices","esi-inflation-measurement-and-price-indices-b4ee8a99","cd3e1770-edf6-4187-a15a-4120f83e6181","Q.153) Which of the following is an indicator of retail inflation in India?"
"Economic & Social Issues","1a874661-957e-4c81-a90f-b0634834d889","NABARD-P1-ESI-2021","1","154","34","ESI-2021-Q154","Constitution, Governance and Institutions","Parliamentary committees and oversight","esi-parliamentary-committees-and-oversight-99a84f1f","74915ff9-7db7-4fb1-b2af-bed3e86c7820","Q.154) Identify the correct statement regarding Public Accounts Committee."
"Economic & Social Issues","1a874661-957e-4c81-a90f-b0634834d889","NABARD-P1-ESI-2021","1","155","35","ESI-2021-Q155","International Institutions, Indices and Reports","United Nations agencies and campaigns","esi-united-nations-agencies-and-campaigns-3b306d64","096a96a8-49cd-4b33-81e3-a55ea139f73e","Q.155) Which of the following statement is NOT correct regarding Food and Agriculture Organisation (FAO)?"
"Economic & Social Issues","1a874661-957e-4c81-a90f-b0634834d889","NABARD-P1-ESI-2021","1","156","36","ESI-2021-Q156","Population, Employment and Social Indicators","Social movements and civil society","esi-social-movements-and-civil-society-42bade55","a9acaa3c-0993-47b4-8416-567c928ffff2","Q.156) Who of the following is associated with Beej Bachao Andolan initiated in 1986 ?"
"Economic & Social Issues","1a874661-957e-4c81-a90f-b0634834d889","NABARD-P1-ESI-2021","1","157","37","ESI-2021-Q157","Constitution, Governance and Institutions","Fundamental Rights articles","esi-fundamental-rights-articles-a7516de6","d1cad1a7-7d46-42ac-a464-5ff74c31cdec","Q.157)Which of the following Article of the Indian Constitution prohibits employment of children in factories etc.?"
"Economic & Social Issues","1a874661-957e-4c81-a90f-b0634834d889","NABARD-P1-ESI-2021","1","158","38","ESI-2021-Q158","Constitution, Governance and Institutions","Schedules of the Constitution","esi-schedules-of-the-constitution-0e22c1f9","e3a2072a-5574-4e68-b90a-4df38fa2de1e","Q.158) How many languages are there in 8th schedule of Indian constitution?"
"Economic & Social Issues","1a874661-957e-4c81-a90f-b0634834d889","NABARD-P1-ESI-2021","1","159","39","ESI-2021-Q159","Rural Development and Panchayati Raj","Panchayati Raj institutions and rural governance","esi-panchayati-raj-institutions-and-rural-governance-96724f0e","c3e965bc-521d-4dd2-af33-2e6f6268b098","Q.159) Identify the National Panchayati Raj Day?"
"Economic & Social Issues","1a874661-957e-4c81-a90f-b0634834d889","NABARD-P1-ESI-2021","1","160","40","ESI-2021-Q160","Rural Development and Panchayati Raj","DAY-NRLM, self-help groups and rural livelihoods","esi-day-nrlm-self-help-groups-and-rural-livelihoods-afd82160","eaefab51-6bad-4fac-b53e-1b8059baed13","Q.160) Interest subvention to SHG under DAY-NRLM?"
"Economic & Social Issues","1a874661-957e-4c81-a90f-b0634834d889","NABARD-P1-ESI-2022-EVENING","1","121","1","ESI-2022-Q121","Welfare Schemes and Social Security","Life and accident insurance schemes for the poor","esi-life-and-accident-insurance-schemes-for-the-poor-dafd168f","f9c79a76-76e8-4f48-8b89-76ba74e73428","Q.121) Which of the following government scheme is implemented through Life Insurance Corporation?"
"Economic & Social Issues","1a874661-957e-4c81-a90f-b0634834d889","NABARD-P1-ESI-2022-EVENING","1","122","2","ESI-2022-Q122","Welfare Schemes and Social Security","Life and accident insurance schemes for the poor","esi-life-and-accident-insurance-schemes-for-the-poor-dafd168f","5f5c086b-e8a3-46df-afef-097898622ecb","Q.122) PM Suraksha Bima yojana is an affordable insurance scheme for the poor and underprivileged people in the age grou"
"Economic & Social Issues","1a874661-957e-4c81-a90f-b0634834d889","NABARD-P1-ESI-2022-EVENING","1","123","3","ESI-2022-Q123","Constitution, Governance and Institutions","Directive Principles of State Policy","esi-directive-principles-of-state-policy-7688b1a7","07ac7e36-38df-4a70-a2a2-79993f0ba803","Q.123) PM Matru vandana yojana is a maternity benefit programme implemented in 1st January, 2017, which of the following"
"Economic & Social Issues","1a874661-957e-4c81-a90f-b0634834d889","NABARD-P1-ESI-2022-EVENING","1","124","4","ESI-2022-Q124","Rural Development and Panchayati Raj","Aspirational Districts Programme","esi-aspirational-districts-programme-6a7644df","f3f7c40e-fe1a-4a2f-b775-b5a4a1a513b8","Q.124) Which of the following is not related to the Aspirational district program? 285 | P a g e 1) Education 2) Health "
"Economic & Social Issues","1a874661-957e-4c81-a90f-b0634834d889","NABARD-P1-ESI-2022-EVENING","1","125","5","ESI-2022-Q125","Population, Employment and Social Indicators","Socio-economic and caste surveys","esi-socio-economic-and-caste-surveys-9770ae49","3e8f241b-a978-4610-97bb-5c281d353479","Q.125) Which of the following statement is not correct regarding Socio-Economic and Caste Census (SECC)?"
"Economic & Social Issues","1a874661-957e-4c81-a90f-b0634834d889","NABARD-P1-ESI-2022-EVENING","1","126","6","ESI-2022-Q126","Rural Development and Panchayati Raj","Swachh Bharat and sanitation missions","esi-swachh-bharat-and-sanitation-missions-9b655979","ba6f2ed9-77ef-4ac0-8d3c-4ec8b2ad2edd","Q.126) According to government data, India has become defecation free, but according to recent data how much percentage "
"Economic & Social Issues","1a874661-957e-4c81-a90f-b0634834d889","NABARD-P1-ESI-2022-EVENING","1","127","7","ESI-2022-Q127","Indian Economy, Public Finance and Industry","MSME sector and its contribution","esi-msme-sector-and-its-contribution-7e42574b","21e870a6-680d-4643-a495-5c2c8c993f52","Q.127)As per the date of Central Statistics Office, the Share of MSME Gross Value Added (GVA) in All India Gross Domesti"
"Economic & Social Issues","1a874661-957e-4c81-a90f-b0634834d889","NABARD-P1-ESI-2022-EVENING","1","128","8","ESI-2022-Q128","Indian Economy, Public Finance and Industry","Khadi, coir and village industries","esi-khadi-coir-and-village-industries-8966daf6","19e41c00-e9f4-4a00-a486-73b3334de013","Q.128) Coir scheme is related to?"
"Economic & Social Issues","1a874661-957e-4c81-a90f-b0634834d889","NABARD-P1-ESI-2022-EVENING","1","129","9","ESI-2022-Q129","Rural Development and Panchayati Raj","Rural roads and PMGSY","esi-rural-roads-and-pmgsy-2cb50665","d73ae1ad-25dc-4e57-a064-faff3304783f","Q.129) Rural roads account for about more than _____ percent of share to total road network in the country?"
"Economic & Social Issues","1a874661-957e-4c81-a90f-b0634834d889","NABARD-P1-ESI-2022-EVENING","1","130","10","ESI-2022-Q130","Population, Employment and Social Indicators","Skill development and apprenticeship","esi-skill-development-and-apprenticeship-b69d40f8","1cfdfae3-1e4f-4d2e-af08-f035d8c65b0c","Q.130) Which of the following statement/statements is/are correct with respect to Nation apprenticeship Training Scheme?"
"Economic & Social Issues","1a874661-957e-4c81-a90f-b0634834d889","NABARD-P1-ESI-2022-EVENING","1","131","11","ESI-2022-Q131","Education, Health and Human Development","Scholarships and student support schemes","esi-scholarships-and-student-support-schemes-8b26012c","d964d553-36c0-422c-bf6e-dd7329c9b172","Q.131) Consider the following statement regarding Prime Minister’s Scholarship Scheme (PMSS) - 1) PMSS is run by the Min"
"Economic & Social Issues","1a874661-957e-4c81-a90f-b0634834d889","NABARD-P1-ESI-2022-EVENING","1","132","12","ESI-2022-Q132","Welfare Schemes and Social Security","Street vendor credit and livelihood schemes","esi-street-vendor-credit-and-livelihood-schemes-1f8c2168","1d7c186c-22a1-4d7b-a3d7-ee41b56b4bd2","Q.132) What is the maximum amount of incentive in the form of cashback provided for each vendor per loan."
"Economic & Social Issues","1a874661-957e-4c81-a90f-b0634834d889","NABARD-P1-ESI-2022-EVENING","1","133","13","ESI-2022-Q133","Welfare Schemes and Social Security","Pension schemes for unorganised workers and farmers","esi-pension-schemes-for-unorganised-workers-and-farmers-d8bd0eda","3035a04e-935b-458b-a36d-bf5afbb3ba04","Q.133) What should be the maximum income of a person for availing the benefit of PM Shram Man dhan Yojana?"
"Economic & Social Issues","1a874661-957e-4c81-a90f-b0634834d889","NABARD-P1-ESI-2022-EVENING","1","134","14","ESI-2022-Q134","Banking, Credit and Financial Inclusion","Differentiated banks and rural banking","esi-differentiated-banks-and-rural-banking-4d20c619","a8b13b0a-ec88-4662-bb01-54885f915ebb","Q.134) Regional Rural Banks (RRBs) is not located in which of the following states?"
"Economic & Social Issues","1a874661-957e-4c81-a90f-b0634834d889","NABARD-P1-ESI-2022-EVENING","1","135","15","ESI-2022-Q135","Population, Employment and Social Indicators","Census and demographic profile of India","esi-census-and-demographic-profile-of-india-f0423777","f1b1ab66-ecc7-4f83-af31-a24e68155765","Q.135) As per the census of 2011, what is the percentage of the rural population with respect to the total population?"
"Economic & Social Issues","1a874661-957e-4c81-a90f-b0634834d889","NABARD-P1-ESI-2022-EVENING","1","136","16","ESI-2022-Q136","Banking, Credit and Financial Inclusion","Cooperatives and cooperative banks","esi-cooperatives-and-cooperative-banks-64438c62","cc55fc9c-c2a2-4fe5-aad7-86690af71d70","Q.136) Which of the following states have the Maximum cooperative societies?"
"Economic & Social Issues","1a874661-957e-4c81-a90f-b0634834d889","NABARD-P1-ESI-2022-EVENING","1","137","17","ESI-2022-Q137","Agricultural Economy and Food Policy","Foreign investment in agriculture","esi-foreign-investment-in-agriculture-4e63b2f8","b8cab562-7225-42c3-8830-2d50e0d86b76","Q.137) As per the present FDI Policy, 100% FDI is allowed in the which of the following activities of agriculture throug"
"Economic & Social Issues","1a874661-957e-4c81-a90f-b0634834d889","NABARD-P1-ESI-2022-EVENING","1","138","18","ESI-2022-Q138","Welfare Schemes and Social Security","Employees' provident fund, ESI and statutory social security","esi-employees-provident-fund-esi-and-statutory-social-security-12456dd6","28d73946-6a98-4cf8-aece-ea9bba87a9d9","Q.138) Employees’ Deposit-Linked Insurance is an insurance cover provided by the EPFO for private employees. It was laun"
"Economic & Social Issues","1a874661-957e-4c81-a90f-b0634834d889","NABARD-P1-ESI-2022-EVENING","1","139","19","ESI-2022-Q139","Welfare Schemes and Social Security","Women and child welfare schemes","esi-women-and-child-welfare-schemes-b322a19f","254a468b-60d1-484b-b1ef-fc0db62c8664","Q.139) 'Mission Shakti' was launched during the 15th Finance Commission period 2021 -22 to ______."
"Economic & Social Issues","1a874661-957e-4c81-a90f-b0634834d889","NABARD-P1-ESI-2022-EVENING","1","140","20","ESI-2022-Q140","Education, Health and Human Development","School education schemes and curriculum frameworks","esi-school-education-schemes-and-curriculum-frameworks-ce15e747","955397b5-f06b-4372-8a02-e874c5327df0","Q.140)'Students’ and Teachers’ Holistic Advancement through Quality Education (SARTHAQ) scheme is related to ________?"
"Economic & Social Issues","1a874661-957e-4c81-a90f-b0634834d889","NABARD-P1-ESI-2022-EVENING","1","141","21","ESI-2022-Q141","Constitution, Governance and Institutions","Consumer protection and regulatory law","esi-consumer-protection-and-regulatory-law-e0bf0181","db04c68f-c14f-4a7e-8c8a-d6589e9c6ca1","Q.141) Central Consumer Protection Authority (CCPA) as a regulatory authority was established under which section of Con"
"Economic & Social Issues","1a874661-957e-4c81-a90f-b0634834d889","NABARD-P1-ESI-2022-EVENING","1","142","22","ESI-2022-Q142","Welfare Schemes and Social Security","Life and accident insurance schemes for the poor","esi-life-and-accident-insurance-schemes-for-the-poor-dafd168f","a485e69c-9018-4187-88a2-e07bd0817d4e","Q.142) Recently Pradhan Mantri Suraksha Bima Yojana (PMSBY) had increased the premium from Rs.12 to____ ?"
"Economic & Social Issues","1a874661-957e-4c81-a90f-b0634834d889","NABARD-P1-ESI-2022-EVENING","1","143","23","ESI-2022-Q143","Education, Health and Human Development","Nutrition missions and POSHAN","esi-nutrition-missions-and-poshan-48098655","5b7a623b-c1e6-4f26-9c36-6a3e50da7e37","Q.143) Which of the following in not the eligible beneficiary under Prime Minister's Overarching Scheme for Holistic Nou"
"Economic & Social Issues","1a874661-957e-4c81-a90f-b0634834d889","NABARD-P1-ESI-2022-EVENING","1","144","24","ESI-2022-Q144","Education, Health and Human Development","Food safety and standards","esi-food-safety-and-standards-212bf3e8","1c30c585-ac41-4de6-8bcd-507ec4e2d721","Q.144) According to the Food Safety and Standards Authority of India (FSSAI)’s 4th State Food Safety Index (SFSI), Which"
"Economic & Social Issues","1a874661-957e-4c81-a90f-b0634834d889","NABARD-P1-ESI-2022-EVENING","1","145","25","ESI-2022-Q145","Welfare Schemes and Social Security","Clean cooking fuel and energy access schemes","esi-clean-cooking-fuel-and-energy-access-schemes-14bfe216","64d3f9e3-0bf1-40d5-930a-175bc5196c9a","Q.145) Under Pradhan Mantri Ujjwala Yojna (PMUY), the beneficiaries get how much subsidy in their bank account and how m"
"Economic & Social Issues","1a874661-957e-4c81-a90f-b0634834d889","NABARD-P1-ESI-2022-EVENING","1","146","26","ESI-2022-Q146","Banking, Credit and Financial Inclusion","Microfinance sector and its regulation","esi-microfinance-sector-and-its-regulation-28890afb","9192413a-ac43-4704-b725-d70dab5db42a","Q.146) According to Microfinance Institutions Network (MFIN) MFIN Micrometer Q4 FY21 - 22, which state ranked second and"
"Economic & Social Issues","1a874661-957e-4c81-a90f-b0634834d889","NABARD-P1-ESI-2022-EVENING","1","147","27","ESI-2022-Q147","Indian Economy, Public Finance and Industry","Infrastructure, transport and logistics","esi-infrastructure-transport-and-logistics-dd054b55","794e4c73-efeb-4cda-a01f-68e25b4dbd56","Q.147) World Bank has approved what amount for India’s Road safety Programme?"
"Economic & Social Issues","1a874661-957e-4c81-a90f-b0634834d889","NABARD-P1-ESI-2022-EVENING","1","148","28","ESI-2022-Q148","Banking, Credit and Financial Inclusion","Capital market instruments and regulation","esi-capital-market-instruments-and-regulation-80c7bce4","f5db7b41-b769-47ba-bd9e-855869fa3669","Q.148) Which organization regulates angel investment?"
"Economic & Social Issues","1a874661-957e-4c81-a90f-b0634834d889","NABARD-P1-ESI-2022-EVENING","1","149","29","ESI-2022-Q149","Rural Development and Panchayati Raj","MGNREGA design, entitlements and performance","esi-mgnrega-design-entitlements-and-performance-91290406","4540717f-923d-45df-bf1c-3db114518f34","Q.149) Women participation rate remains at _____ under MGNREGA in FY 2021-22?"
"Economic & Social Issues","1a874661-957e-4c81-a90f-b0634834d889","NABARD-P1-ESI-2022-EVENING","1","150","30","ESI-2022-Q150","Banking, Credit and Financial Inclusion","NABARD, RIDF and development finance","esi-nabard-ridf-and-development-finance-6429a74d","cb3dcc3c-daed-4108-bf03-5a5050a54bab","Q.150) How much money was allocated to Rural Infrastrucutre Development Fund (RIDF) for the year 2021-22?"
"Economic & Social Issues","1a874661-957e-4c81-a90f-b0634834d889","NABARD-P1-ESI-2022-EVENING","1","151","31","ESI-2022-Q151","Constitution, Governance and Institutions","Ministries and organisation of government","esi-ministries-and-organisation-of-government-7ea52ef4","7437894e-64ab-4309-bb92-5738ef412333","Q.151) Ministry of minority affairs was separated from Ministry of social justice and empowerment in which of the follow"
"Economic & Social Issues","1a874661-957e-4c81-a90f-b0634834d889","NABARD-P1-ESI-2022-EVENING","1","152","32","ESI-2022-Q152","Rural Development and Panchayati Raj","Aspirational Districts Programme","esi-aspirational-districts-programme-6a7644df","92aae420-ba33-4ca9-8153-89eed57b5e37","Q.152) Which of the following is not the parameters of Niti aayog’s aspirational district index?"
"Economic & Social Issues","1a874661-957e-4c81-a90f-b0634834d889","NABARD-P1-ESI-2022-EVENING","1","153","33","ESI-2022-Q153","Rural Development and Panchayati Raj","Rural roads and PMGSY","esi-rural-roads-and-pmgsy-2cb50665","abef70a0-f0eb-4b65-8a5d-6ae5ddc6dbf2","Q.153) Pradhan Mantri Gram Sadak Yojana (PMGSY), the rural roads construction scheme, in the budget for the year 2022-23"
"Economic & Social Issues","1a874661-957e-4c81-a90f-b0634834d889","NABARD-P1-ESI-2022-EVENING","1","154","34","ESI-2022-Q154","Education, Health and Human Development","National family health surveys and health indicators","esi-national-family-health-surveys-and-health-indicators-534c5545","6efab894-4b4d-4afe-8234-20514240ff92","Q.154) The number of people having access to improved sanitation facilities increased to what percent according to NFHS-"
"Economic & Social Issues","1a874661-957e-4c81-a90f-b0634834d889","NABARD-P1-ESI-2022-EVENING","1","155","35","ESI-2022-Q155","Welfare Schemes and Social Security","Pension schemes for unorganised workers and farmers","esi-pension-schemes-for-unorganised-workers-and-farmers-d8bd0eda","0db8fc40-e8da-4751-91c0-a42aad991ad1","Q.155) NPS for traders provide a monthly minimum assured pension of what amount after attaining the age of 60 years?"
"Economic & Social Issues","1a874661-957e-4c81-a90f-b0634834d889","NABARD-P1-ESI-2022-EVENING","1","156","36","ESI-2022-Q156","Population, Employment and Social Indicators","Census and demographic profile of India","esi-census-and-demographic-profile-of-india-f0423777","43045bc5-7f09-49f3-9598-cdac2b3aeeb3","Q.156) Recently Government of India took some initiatives to improve Sex ratio in the country. Sex Ratio has increased t"
"Economic & Social Issues","1a874661-957e-4c81-a90f-b0634834d889","NABARD-P1-ESI-2022-EVENING","1","157","37","ESI-2022-Q157","Welfare Schemes and Social Security","Pension schemes for unorganised workers and farmers","esi-pension-schemes-for-unorganised-workers-and-farmers-d8bd0eda","106b8b68-4582-4411-b29f-28158482aa25","Q.157) NPS for traders provide a monthly minimum assured pension of what amount after attaining the age of 60 years?"
"Economic & Social Issues","1a874661-957e-4c81-a90f-b0634834d889","NABARD-P1-ESI-2022-EVENING","1","158","38","ESI-2022-Q158","Welfare Schemes and Social Security","Women and child welfare schemes","esi-women-and-child-welfare-schemes-b322a19f","a6309ee5-ea35-429f-9955-b52dbe9b9074","Q.158) How much cash benefit is provided under Pradhan Mantri Matru Vandana Yojana (PMMVY) in each instalment?"
"Economic & Social Issues","1a874661-957e-4c81-a90f-b0634834d889","NABARD-P1-ESI-2022-EVENING","1","159","39","ESI-2022-Q159","Banking, Credit and Financial Inclusion","Financial inclusion and Jan Dhan","esi-financial-inclusion-and-jan-dhan-71aa2972","4b8e65aa-3b1f-436a-98dd-b1b15d37e7de","Q.159 Consider the following statement - 1) Access 2) Usage 3) Quality Which of the above are sub-Indices of Financial I"
"Economic & Social Issues","1a874661-957e-4c81-a90f-b0634834d889","NABARD-P1-ESI-2022-EVENING","1","160","40","ESI-2022-Q160","Population, Employment and Social Indicators","Tribal welfare and particularly vulnerable tribal groups","esi-tribal-welfare-and-particularly-vulnerable-tribal-groups-8f5bf9f7","9fbcbfe5-5b73-46b8-9af9-4c414bce78bd","Q.160) Government of India renamed the PTGs as Particularly Vulnerable Tribal Groups (PVTGs), there are how much PVTGs n"
"Economic & Social Issues","1a874661-957e-4c81-a90f-b0634834d889","NABARD-P1-ESI-2022-MORNING","1","121","1","ESI-2022-Q121","International Institutions, Indices and Reports","Global indices and India's rank","esi-global-indices-and-india-s-rank-c4195427","2f68372a-56d0-4976-b6d4-fa044b586161","Q.121) What is the Rank of India in the Global Gender Gap Report 2022?"
"Economic & Social Issues","1a874661-957e-4c81-a90f-b0634834d889","NABARD-P1-ESI-2022-MORNING","1","122","2","ESI-2022-Q122","Indian Economy, Public Finance and Industry","Sectoral composition of the economy","esi-sectoral-composition-of-the-economy-68abedde","6c559c20-e6c7-42af-b048-dcd12008ab8c","Q.122) Which of the following sector is related to the Service sector?"
"Economic & Social Issues","1a874661-957e-4c81-a90f-b0634834d889","NABARD-P1-ESI-2022-MORNING","1","123","3","ESI-2022-Q123","Population, Employment and Social Indicators","Labour laws, wages and maternity benefit","esi-labour-laws-wages-and-maternity-benefit-4e442e0b","325a1a0b-9eee-4bfc-8bb4-a6f9cff62016","Q.123) After the amendment in Maternity Benefit Act, 1961 the leave was increased from 12 weeks to ______ for women in I"
"Economic & Social Issues","1a874661-957e-4c81-a90f-b0634834d889","NABARD-P1-ESI-2022-MORNING","1","124","4","ESI-2022-Q124","Welfare Schemes and Social Security","Life and accident insurance schemes for the poor","esi-life-and-accident-insurance-schemes-for-the-poor-dafd168f","beb3dddc-5363-41d0-914a-68ff768f4354","Q.124) Recently the premium for Pradhan Mantri Jivan Jyoti Bima Yojana (PMJJBY) was increased by the Central government,"
"Economic & Social Issues","1a874661-957e-4c81-a90f-b0634834d889","NABARD-P1-ESI-2022-MORNING","1","125","5","ESI-2022-Q125","Welfare Schemes and Social Security","Pension schemes for unorganised workers and farmers","esi-pension-schemes-for-unorganised-workers-and-farmers-d8bd0eda","bac04390-a785-4904-9484-1c0135b891e6","Q.125) Who among the following is the implementing agency for Pradhan Mantri Shram Yogi Mandhan Yojana?"
"Economic & Social Issues","1a874661-957e-4c81-a90f-b0634834d889","NABARD-P1-ESI-2022-MORNING","1","126","6","ESI-2022-Q126","Constitution, Governance and Institutions","Fundamental Rights articles","esi-fundamental-rights-articles-a7516de6","d0181606-c35f-40c0-a4d8-b0a7a2777bd5","Q.126) Which of the following article is related to the Prohibition of discrimination on grounds of religion, race, cast"
"Economic & Social Issues","1a874661-957e-4c81-a90f-b0634834d889","NABARD-P1-ESI-2022-MORNING","1","127","7","ESI-2022-Q127","Constitution, Governance and Institutions","Directive Principles of State Policy","esi-directive-principles-of-state-policy-7688b1a7","1935173a-756c-40e6-a2a7-d3ead347fa79","Q.127) Which of the following articles is related to the Right to Education under the Directive principle of state polic"
"Economic & Social Issues","1a874661-957e-4c81-a90f-b0634834d889","NABARD-P1-ESI-2022-MORNING","1","128","8","ESI-2022-Q128","International Institutions, Indices and Reports","Global indices and India's rank","esi-global-indices-and-india-s-rank-c4195427","8c934632-9cb8-465e-868c-3b52a32ebd93","Q.128) What is the Rank of India in the Global Food Security Index 2021?"
"Economic & Social Issues","1a874661-957e-4c81-a90f-b0634834d889","NABARD-P1-ESI-2022-MORNING","1","129","9","ESI-2022-Q129","International Institutions, Indices and Reports","Global indices and India's rank","esi-global-indices-and-india-s-rank-c4195427","a4f3a4cc-255c-47ce-8fdd-d17455f90e8d","Q.129) What is the rank of India in Gender Gap report?"
"Economic & Social Issues","1a874661-957e-4c81-a90f-b0634834d889","NABARD-P1-ESI-2022-MORNING","1","130","10","ESI-2022-Q130","Indian Economy, Public Finance and Industry","Ease of doing business and reform rankings","esi-ease-of-doing-business-and-reform-rankings-b783fb34","58e2e1c7-44b8-4367-950b-7c4241c68247","Q.130) How many states are there in the “Top Achievers” category of Business Reforms Action Plan 2020?"
"Economic & Social Issues","1a874661-957e-4c81-a90f-b0634834d889","NABARD-P1-ESI-2022-MORNING","1","131","11","ESI-2022-Q131","Population, Employment and Social Indicators","Social legislation on women, children and the elderly","esi-social-legislation-on-women-children-and-the-elderly-320dd084","53992ff9-cbde-42a6-a24d-8ac7e4e7e9de","Q.131) The Maintenance and Welfare of Parents and Senior Citizens Act was enacted in which of the following year?"
"Economic & Social Issues","1a874661-957e-4c81-a90f-b0634834d889","NABARD-P1-ESI-2022-MORNING","1","132","12","ESI-2022-Q132","Agricultural Economy and Food Policy","Agriculture's share in income and employment","esi-agriculture-s-share-in-income-and-employment-dd773776","2611394c-e3a0-4359-8b99-d1612a97dc4c","Q.132) What is the share of agriculture in National income in FY22?"
"Economic & Social Issues","1a874661-957e-4c81-a90f-b0634834d889","NABARD-P1-ESI-2022-MORNING","1","133","13","ESI-2022-Q133","Population, Employment and Social Indicators","Census and demographic profile of India","esi-census-and-demographic-profile-of-india-f0423777","e22e8f40-c8f0-45d5-b88a-3e2986ac5339","Q.133) As per Census 2011, which of the following state has the maximum number of senior citizens?"
"Economic & Social Issues","1a874661-957e-4c81-a90f-b0634834d889","NABARD-P1-ESI-2022-MORNING","1","134","14","ESI-2022-Q134","Welfare Schemes and Social Security","Employees' provident fund, ESI and statutory social security","esi-employees-provident-fund-esi-and-statutory-social-security-12456dd6","1aa6d09a-1f25-426c-ae20-cd3e90db667f","Q.134) ESI scheme is applicable to all the beneficiaries whose monthly wage does not exceed."
"Economic & Social Issues","1a874661-957e-4c81-a90f-b0634834d889","NABARD-P1-ESI-2022-MORNING","1","135","15","ESI-2022-Q135","Welfare Schemes and Social Security","Employees' provident fund, ESI and statutory social security","esi-employees-provident-fund-esi-and-statutory-social-security-12456dd6","c7adc2fc-ae0f-41f0-91b4-b3395de0c4eb","Q.135) What is the minimum pension per month for the pensioners under the Employees’ Pension Scheme (EPS), 1995?"
"Economic & Social Issues","1a874661-957e-4c81-a90f-b0634834d889","NABARD-P1-ESI-2022-MORNING","1","136","16","ESI-2022-Q136","Rural Development and Panchayati Raj","Rural development outreach campaigns","esi-rural-development-outreach-campaigns-943bd6d3","5ba58e83-4502-479b-b0f8-bd6c9903bd74","Q.136) Which of the following ministries is associated with “Aazadi se Antoday take'' campaign?"
"Economic & Social Issues","1a874661-957e-4c81-a90f-b0634834d889","NABARD-P1-ESI-2022-MORNING","1","137","17","ESI-2022-Q137","Indian Economy, Public Finance and Industry","Infrastructure, transport and logistics","esi-infrastructure-transport-and-logistics-dd054b55","b5deb337-b66c-4380-875f-0d029ec7fae8","Q.137) How many kilometers of inland waterways will be built to navigable waterways and strategic locations on key inter"
"Economic & Social Issues","1a874661-957e-4c81-a90f-b0634834d889","NABARD-P1-ESI-2022-MORNING","1","138","18","ESI-2022-Q138","Agricultural Economy and Food Policy","Regulated and licensed crop cultivation","esi-regulated-and-licensed-crop-cultivation-4f48f1aa","397d18e7-95fa-4c7a-b376-72ca8257980b","Q.138) Opium is legal in which of the following state along with Madhya Pradesh and Uttar Pradesh?"
"Economic & Social Issues","1a874661-957e-4c81-a90f-b0634834d889","NABARD-P1-ESI-2022-MORNING","1","139","19","ESI-2022-Q139","Indian Economy, Public Finance and Industry","MSME sector and its contribution","esi-msme-sector-and-its-contribution-7e42574b","566fd9c5-20e7-43ef-b1f3-8ee4aca10784","Q.139) Share of MSME Gross Value Added (GVA) in All India Gross Domestic Product at current prices (2011-12) for the yea"
"Economic & Social Issues","1a874661-957e-4c81-a90f-b0634834d889","NABARD-P1-ESI-2022-MORNING","1","140","20","ESI-2022-Q140","Agricultural Economy and Food Policy","Minimum Support Price and procurement","esi-minimum-support-price-and-procurement-08bf1b90","858c8bc0-ca98-4c81-bfe0-a655250a2abb","Q.140) How many eligible crops get the Minimum Support Price (MSP) under Kharif, Rabi, and commercial crops?"
"Economic & Social Issues","1a874661-957e-4c81-a90f-b0634834d889","NABARD-P1-ESI-2022-MORNING","1","141","21","ESI-2022-Q141","Education, Health and Human Development","Higher education, enrolment and AISHE","esi-higher-education-enrolment-and-aishe-05a008bf","e453d92f-1e0a-4a3a-8f85-a4f82af69c91","Q.141) As per AISHE 2019 -20 Report, what is the gross enrolment ratio for Schedule Cast students?"
"Economic & Social Issues","1a874661-957e-4c81-a90f-b0634834d889","NABARD-P1-ESI-2022-MORNING","1","142","22","ESI-2022-Q142","Indian Economy, Public Finance and Industry","Monetary policy framework and inflation targeting","esi-monetary-policy-framework-and-inflation-targeting-b6fadc02","3ce7760a-1b99-4222-a582-8c709a01765c","Q.142) What is the highest inflation tolerance band as agreed by the RBI and the Government of India?"
"Economic & Social Issues","1a874661-957e-4c81-a90f-b0634834d889","NABARD-P1-ESI-2022-MORNING","1","143","23","ESI-2022-Q143","Indian Economy, Public Finance and Industry","Union Budget provisions and taxation","esi-union-budget-provisions-and-taxation-f43747fa","d446d989-14d0-4fcc-ba92-213ece5bae3a","Q.143) What is approx. collection of Income tax during FY 2021-22?"
"Economic & Social Issues","1a874661-957e-4c81-a90f-b0634834d889","NABARD-P1-ESI-2022-MORNING","1","144","24","ESI-2022-Q144","Welfare Schemes and Social Security","Welfare schemes for senior citizens","esi-welfare-schemes-for-senior-citizens-23df6fc0","43483e4c-09ae-4fd0-aab7-5448aac97a4d","Q.144) Which of the following Scheme is not related to the Senior Citizen of India?"
"Economic & Social Issues","1a874661-957e-4c81-a90f-b0634834d889","NABARD-P1-ESI-2022-MORNING","1","145","25","ESI-2022-Q145","Welfare Schemes and Social Security","Life and accident insurance schemes for the poor","esi-life-and-accident-insurance-schemes-for-the-poor-dafd168f","913b28a4-f13c-4366-8a91-565a1ba380d2","Q.145) Which of the following schemes is administered by Life Insurance Corporation?"
"Economic & Social Issues","1a874661-957e-4c81-a90f-b0634834d889","NABARD-P1-ESI-2022-MORNING","1","146","26","ESI-2022-Q146","Welfare Schemes and Social Security","National Social Assistance Programme and family benefits","esi-national-social-assistance-programme-and-family-benefits-81ed3eb1","7c3fff20-2241-4232-8bb4-f15d8a74fc57","Q.146) Which of the following scheme aims to provide a lump sum family benefit of Rs 10,000/- to the bereaved households"
"Economic & Social Issues","1a874661-957e-4c81-a90f-b0634834d889","NABARD-P1-ESI-2022-MORNING","1","147","27","ESI-2022-Q147","Population, Employment and Social Indicators","Census and demographic profile of India","esi-census-and-demographic-profile-of-india-f0423777","a5cd1644-472c-42ee-a215-1105e0d5e705","Q.147) What percent of the total population is engaged in agriculture and allied activities as per the census 2011?"
"Economic & Social Issues","1a874661-957e-4c81-a90f-b0634834d889","NABARD-P1-ESI-2022-MORNING","1","148","28","ESI-2022-Q148","Population, Employment and Social Indicators","Census and demographic profile of India","esi-census-and-demographic-profile-of-india-f0423777","c1cc764b-0fde-41d2-8af7-427a0f0355b4","Q.148) What is the percentage of the rural population out of the total population as per the census 2011?"
"Economic & Social Issues","1a874661-957e-4c81-a90f-b0634834d889","NABARD-P1-ESI-2022-MORNING","1","149","29","ESI-2022-Q149","Welfare Schemes and Social Security","Life and accident insurance schemes for the poor","esi-life-and-accident-insurance-schemes-for-the-poor-dafd168f","e8abf785-e5e5-47ad-b176-481877df3b6a","Q.149) What is the new premium amount for Pradhan Mantri Jeevan Jyoti Bima Yojana (PMJJBY)?"
"Economic & Social Issues","1a874661-957e-4c81-a90f-b0634834d889","NABARD-P1-ESI-2022-MORNING","1","150","30","ESI-2022-Q150","Welfare Schemes and Social Security","Minority welfare schemes","esi-minority-welfare-schemes-81953b4a","061d3fa0-d3dc-4fba-8639-ea6d20971006","Q.150) Which one of the following is not the component of PM Virasat ka Samvardhan (PM VIKAS) Yojana?"
"Economic & Social Issues","1a874661-957e-4c81-a90f-b0634834d889","NABARD-P1-ESI-2022-MORNING","1","151","31","ESI-2022-Q151","Rural Development and Panchayati Raj","Drinking water supply and Jal Jeevan Mission","esi-drinking-water-supply-and-jal-jeevan-mission-c4aff951","58b9fb7e-e4e6-44cd-8fd0-e0c8ef02cbc8","Q.151) Jal Jivan Mission started in the year 2019-20 and targeted with providing tap water connection by the year____?"
"Economic & Social Issues","1a874661-957e-4c81-a90f-b0634834d889","NABARD-P1-ESI-2022-MORNING","1","152","32","ESI-2022-Q152","Constitution, Governance and Institutions","Directive Principles of State Policy","esi-directive-principles-of-state-policy-7688b1a7","3d8f328c-06f8-47c8-9606-0696cc4de397","Q.152) Under which of the following article of Indian constitution, the state shall within the limits of its economics c"
"Economic & Social Issues","1a874661-957e-4c81-a90f-b0634834d889","NABARD-P1-ESI-2022-MORNING","1","153","33","ESI-2022-Q153","Agricultural Economy and Food Policy","Crop production estimates and agricultural statistics","esi-crop-production-estimates-and-agricultural-statistics-cde429a8","92a097dc-eff5-4a10-8a30-20a8c7543258","Q.153) Forecasting Agriculture output using space, agrometeorological and land -based observation (FASAL), which organis"
"Economic & Social Issues","1a874661-957e-4c81-a90f-b0634834d889","NABARD-P1-ESI-2022-MORNING","1","154","34","ESI-2022-Q154","Rural Development and Panchayati Raj","Rural roads and PMGSY","esi-rural-roads-and-pmgsy-2cb50665","3cce30b9-cd07-4bb9-8c5b-fb3e8009fa06","Q.154) How much amount has been invested by World Bank since the implementation of Pradhan Mantri Gram Sadak Yojna (PMGS"
"Economic & Social Issues","1a874661-957e-4c81-a90f-b0634834d889","NABARD-P1-ESI-2022-MORNING","1","155","35","ESI-2022-Q155","Agricultural Economy and Food Policy","Irrigation, water resources and river linking","esi-irrigation-water-resources-and-river-linking-1923c369","450c15ac-eb17-495a-ab70-e358d6980253","Q.155) What is the percentage decline in the annual per capita availability of water in India?"
"Economic & Social Issues","1a874661-957e-4c81-a90f-b0634834d889","NABARD-P1-ESI-2022-MORNING","1","156","36","ESI-2022-Q156","Population, Employment and Social Indicators","Employment statistics and employment services","esi-employment-statistics-and-employment-services-be746d7a","2e29ba7e-b5d8-443b-a25a-a7860a327eda","Q.156) According to the CMIE, what was the Labour force participation rate in rural India between January to April 2022?"
"Economic & Social Issues","1a874661-957e-4c81-a90f-b0634834d889","NABARD-P1-ESI-2022-MORNING","1","157","37","ESI-2022-Q157","Agricultural Economy and Food Policy","Watershed development","esi-watershed-development-10ea5c65","e26503ca-d06c-4a6e-97d6-1fd757cc31af","Q.157) Which of the following is not the objective of Watershed Management -"
"Economic & Social Issues","1a874661-957e-4c81-a90f-b0634834d889","NABARD-P1-ESI-2022-MORNING","1","158","38","ESI-2022-Q158","Population, Employment and Social Indicators","Poverty measurement and multidimensional poverty","esi-poverty-measurement-and-multidimensional-poverty-fccf8721","285a1ac6-9958-47d8-b396-ac5f2dc58cbb","Q.158) Which of the following is the third poorest state as per multidimensional poverty index?"
"Economic & Social Issues","1a874661-957e-4c81-a90f-b0634834d889","NABARD-P1-ESI-2022-MORNING","1","159","39","ESI-2022-Q159","Population, Employment and Social Indicators","Employment statistics and employment services","esi-employment-statistics-and-employment-services-be746d7a","19ba1c5e-3407-4353-8788-c7601da08931","Q.159) In which of the following year National Career Service Launched?"
"Economic & Social Issues","1a874661-957e-4c81-a90f-b0634834d889","NABARD-P1-ESI-2022-MORNING","1","160","40","ESI-2022-Q160","Rural Development and Panchayati Raj","Drinking water supply and Jal Jeevan Mission","esi-drinking-water-supply-and-jal-jeevan-mission-c4aff951","44a89a31-9dde-4f3c-98c9-2abcc3e92e6b","Q.160) What is the target year for Swachh Bharat Mission-Urban 2.0?"
"Economic & Social Issues","1a874661-957e-4c81-a90f-b0634834d889","NABARD-P1-ESI-2023","1","1","1","ESI-2023-Q001","Indian Economy, Public Finance and Industry","Inflation measurement and price indices","esi-inflation-measurement-and-price-indices-b4ee8a99","51c1c76e-6e85-4be7-aec3-49866ed4878c","Q.1) The Consumer Price Index (CPI) measures the overall change in consumer prices based on a representative basket of g"
"Economic & Social Issues","1a874661-957e-4c81-a90f-b0634834d889","NABARD-P1-ESI-2023","1","2","2","ESI-2023-Q002","Agricultural Economy and Food Policy","Direct income support to farmers","esi-direct-income-support-to-farmers-d6af2ca5","4fb342d0-d33e-4f1e-9883-2832c76ffad6","Q.2) Which among the following statements are true regarding PM KISAN scheme? 1. A family is defined as husband, wife, c"
"Economic & Social Issues","1a874661-957e-4c81-a90f-b0634834d889","NABARD-P1-ESI-2023","1","3","3","ESI-2023-Q003","Constitution, Governance and Institutions","Right to Information","esi-right-to-information-c8f2300e","98c268dc-bdf4-40c0-a465-496b83c179f9","Q.3) As per RTI Act, Central Public Information Officers/ State Public Information Officers (under Section 6) shall disp"
"Economic & Social Issues","1a874661-957e-4c81-a90f-b0634834d889","NABARD-P1-ESI-2023","1","4","4","ESI-2023-Q004","Welfare Schemes and Social Security","Artisan and traditional-trade schemes","esi-artisan-and-traditional-trade-schemes-7f089b75","edbfa701-f00a-4f78-bac8-32189ba52220","Q.4) Under the PM Vishwakarma Yojana, the beneficiaries will be given a toolkit incentive along with the initial collate"
"Economic & Social Issues","1a874661-957e-4c81-a90f-b0634834d889","NABARD-P1-ESI-2023","1","5","5","ESI-2023-Q005","Rural Development and Panchayati Raj","MGNREGA design, entitlements and performance","esi-mgnrega-design-entitlements-and-performance-91290406","40eb7f00-17eb-4b6d-9298-dff9100ff31d","Q.5) Under Mahatma Gandhi National Rural Employment Guarantee Scheme (MGNREGS), the beneficiaries have a right to get ex"
"Economic & Social Issues","1a874661-957e-4c81-a90f-b0634834d889","NABARD-P1-ESI-2023","1","6","6","ESI-2023-Q006","Education, Health and Human Development","School education schemes and curriculum frameworks","esi-school-education-schemes-and-curriculum-frameworks-ce15e747","fa1143d9-097d-453f-bafc-c6864d51fa62","Q.6) The Pradhan Mantri Schools for Rising India (PM SHRI) scheme, which provides the setting up of more than 14500 PM S"
"Economic & Social Issues","1a874661-957e-4c81-a90f-b0634834d889","NABARD-P1-ESI-2023","1","7","7","ESI-2023-Q007","Indian Economy, Public Finance and Industry","Khadi, coir and village industries","esi-khadi-coir-and-village-industries-8966daf6","d44261f6-cb82-471e-b7cb-7d25eeacb379","Q.7) What is the eligible age group of beneficiaries under the Khadi Gramodyog Vikas Yojana?"
"Economic & Social Issues","1a874661-957e-4c81-a90f-b0634834d889","NABARD-P1-ESI-2023","1","8","8","ESI-2023-Q008","Welfare Schemes and Social Security","Women and child welfare schemes","esi-women-and-child-welfare-schemes-b322a19f","42669b42-d4a9-46a8-937c-991d9e260482","Q.8) Mission __________ is an integrated women development programme for safety, security and empowerment of women being"
"Economic & Social Issues","1a874661-957e-4c81-a90f-b0634834d889","NABARD-P1-ESI-2023","1","9","9","ESI-2023-Q009","Rural Development and Panchayati Raj","Rural roads and PMGSY","esi-rural-roads-and-pmgsy-2cb50665","6534a693-ae61-4240-9afa-490df1870695","Q.9) Which among the following are the categories of the roads constructed under Pradhan Mantri Gram Sadak Yojana (PMGSY"
"Economic & Social Issues","1a874661-957e-4c81-a90f-b0634834d889","NABARD-P1-ESI-2023","1","10","10","ESI-2023-Q010","Banking, Credit and Financial Inclusion","Microfinance sector and its regulation","esi-microfinance-sector-and-its-regulation-28890afb","30ce4c60-a7e0-42fb-9db6-f6afdf2757da","Q.10) Which of the following acts as the last mile financier for entities eligible to avail financial assistance from NS"
"Economic & Social Issues","1a874661-957e-4c81-a90f-b0634834d889","NABARD-P1-ESI-2023","1","11","11","ESI-2023-Q011","Rural Development and Panchayati Raj","Swachh Bharat and sanitation missions","esi-swachh-bharat-and-sanitation-missions-9b655979","ca88b758-af41-4c7c-bd49-ca9a7194adb2","Q.11) Under Swachh Bharat Mission (Gramin) Phase-II, upto 5% of the total funding for programmatic components can be spe"
"Economic & Social Issues","1a874661-957e-4c81-a90f-b0634834d889","NABARD-P1-ESI-2023","1","12","12","ESI-2023-Q012","Population, Employment and Social Indicators","Census and demographic profile of India","esi-census-and-demographic-profile-of-india-f0423777","de7a3361-050a-4151-9a9f-015ffde4cede","Q.12) As per the Economic Survey 2022-23, _____ of India's population lives in the rural areas and 47% of the population"
"Economic & Social Issues","1a874661-957e-4c81-a90f-b0634834d889","NABARD-P1-ESI-2023","1","13","13","ESI-2023-Q013","Indian Economy, Public Finance and Industry","Long-term growth strategy and policy vision","esi-long-term-growth-strategy-and-policy-vision-c7c157e1","44f24ab8-18ba-4ccc-b102-576b2842d79d","Q.13) In an address delivered in August 2023 – “Building Blocks for a Sustainable Future”, the RBI Governor mentioned si"
"Economic & Social Issues","1a874661-957e-4c81-a90f-b0634834d889","NABARD-P1-ESI-2023","1","14","14","ESI-2023-Q014","Agricultural Economy and Food Policy","Biofuel and bioenergy programmes","esi-biofuel-and-bioenergy-programmes-2179315b","ee8da731-7351-4845-aa74-536436f911cf","Q.14) The Global Biofuel Alliance, launched during G20 summit held in New Delhi, will help to accelerate which of the fo"
"Economic & Social Issues","1a874661-957e-4c81-a90f-b0634834d889","NABARD-P1-ESI-2023","1","15","15","ESI-2023-Q015","Indian Economy, Public Finance and Industry","Industrial production and statistical agencies","esi-industrial-production-and-statistical-agencies-cb39c8b6","4fb4424e-5c57-4018-8deb-f0b1ce51ccbf","Q.15) The Central Statistical Organisation (CSO) is responsible for the compilation and publication of the Index of Indu"
"Economic & Social Issues","1a874661-957e-4c81-a90f-b0634834d889","NABARD-P1-ESI-2023","1","16","16","ESI-2023-Q016","Population, Employment and Social Indicators","Gender statistics and indicators","esi-gender-statistics-and-indicators-0e67ccaa","b620324f-e420-4de6-b6a8-1418aad6724a","Q.16) Gender indicators are quantitative metrics to provide information to monitor performance, measure achievement and "
"Economic & Social Issues","1a874661-957e-4c81-a90f-b0634834d889","NABARD-P1-ESI-2023","1","17","17","ESI-2023-Q017","Rural Development and Panchayati Raj","Rural entrepreneurship and business incubation","esi-rural-entrepreneurship-and-business-incubation-31c4257a","03fc2878-92d4-4fe0-b2ea-bd85cbae4cd0","Q.17) Livelihood Business Incubator (LBI) is an entity set up for imparting skill development & incubation programmes fo"
"Economic & Social Issues","1a874661-957e-4c81-a90f-b0634834d889","NABARD-P1-ESI-2023","1","18","18","ESI-2023-Q018","Agricultural Economy and Food Policy","Crop production estimates and agricultural statistics","esi-crop-production-estimates-and-agricultural-statistics-cde429a8","fc629bde-12ba-4c08-8b2e-c3f84ab7929d","Q.18) Unified Portal for Agricultural Statistics (UPAg) is an advanced agricultural data management platform designed to"
"Economic & Social Issues","1a874661-957e-4c81-a90f-b0634834d889","NABARD-P1-ESI-2023","1","19","19","ESI-2023-Q019","International Institutions, Indices and Reports","International economic forums and summit declarations","esi-international-economic-forums-and-summit-declarations-4cfa2293","c7f6422e-66af-4d6c-91a3-c6e17c66e72c","Q.19) G20 New Delhi Declaration 2023 focusses on which areas relating to Gender equality, women empowerment and women le"
"Economic & Social Issues","1a874661-957e-4c81-a90f-b0634834d889","NABARD-P1-ESI-2023","1","20","20","ESI-2023-Q020","Banking, Credit and Financial Inclusion","Cooperatives and cooperative banks","esi-cooperatives-and-cooperative-banks-64438c62","32ad3026-4ae6-478e-af3c-7412c29ddefe","Q.20) RBI has taken various initiatives to improve the financial resilience of Indian Banking sector. One is the categor"
"Economic & Social Issues","1a874661-957e-4c81-a90f-b0634834d889","NABARD-P1-ESI-2023","1","21","21","ESI-2023-Q021","Education, Health and Human Development","School education schemes and curriculum frameworks","esi-school-education-schemes-and-curriculum-frameworks-ce15e747","32ace795-7493-411e-bd2d-bf71e5dbc6a6","Q.21) Which of the following statements is true about National Curriculum Framework for School Education (NCF-SE)? on as"
"Economic & Social Issues","1a874661-957e-4c81-a90f-b0634834d889","NABARD-P1-ESI-2023","1","22","22","ESI-2023-Q022","Banking, Credit and Financial Inclusion","Digital finance and technology in banking","esi-digital-finance-and-technology-in-banking-a1a8e123","c8ea54b2-a4c9-43a2-911b-a26f631129be","Q.22) RBI Deputy Governor Michael Debabrata, in Sep 2023, highlighted that financial sector in India is on the cusp of a"
"Economic & Social Issues","1a874661-957e-4c81-a90f-b0634834d889","NABARD-P1-ESI-2023","1","23","23","ESI-2023-Q023","Banking, Credit and Financial Inclusion","Priority sector lending norms","esi-priority-sector-lending-norms-05568a2d","83cadda2-5bc3-4b0e-bce7-a3ea0d39116d","Q.23) Bank loan for _________ upto an aggregate limit of ₹100 crore per borrower will be eligible to be classified as an"
"Economic & Social Issues","1a874661-957e-4c81-a90f-b0634834d889","NABARD-P1-ESI-2023","1","24","24","ESI-2023-Q024","Banking, Credit and Financial Inclusion","Priority sector lending norms","esi-priority-sector-lending-norms-05568a2d","3d519aa4-19e6-446c-9f3f-920813f9218b","Q.24) Bank loan to individuals for education purposes including vocational courses up to maximum amount _______ will be "
"Economic & Social Issues","1a874661-957e-4c81-a90f-b0634834d889","NABARD-P1-ESI-2023","1","25","25","ESI-2023-Q025","Population, Employment and Social Indicators","Skill development and apprenticeship","esi-skill-development-and-apprenticeship-b69d40f8","ba6d5f65-86ea-414d-918b-46d515b29dee","Q.25) ‘Skills on Wheels’ initiative launched by Ministry of Skill Development and Empowerment in collaboration with NSDC"
"Economic & Social Issues","1a874661-957e-4c81-a90f-b0634834d889","NABARD-P1-ESI-2023","1","26","26","ESI-2023-Q026","Agricultural Economy and Food Policy","Agricultural marketing reform and indices","esi-agricultural-marketing-reform-and-indices-387d7e72","0addfa36-91b5-4766-8d73-df7a42af09b1","Q.26) The Ministry of Agriculture & Farmers' Welfare, GoI, has approved the continuation of AMI sub-scheme of ISAM upto "
"Economic & Social Issues","1a874661-957e-4c81-a90f-b0634834d889","NABARD-P1-ESI-2023","1","27","27","ESI-2023-Q027","Population, Employment and Social Indicators","Population projections","esi-population-projections-d1e88ca6","3c2aa04e-9e60-4d98-9b17-dc1af7ada81c","Q.27) As per report of technical group on population projection (July 2020) by National Commission on Population, Minist"
"Economic & Social Issues","1a874661-957e-4c81-a90f-b0634834d889","NABARD-P1-ESI-2023","1","28","28","ESI-2023-Q028","Education, Health and Human Development","Adult, vocational and non-formal education","esi-adult-vocational-and-non-formal-education-e5e53aa8","9862a149-1017-49f7-8152-f326bd9ed03d","Q.28) The target beneficiaries of ‘Jan Shikshan Sansthan’ scheme are non-literates, neoliterates, and persons having a r"
"Economic & Social Issues","1a874661-957e-4c81-a90f-b0634834d889","NABARD-P1-ESI-2023","1","29","29","ESI-2023-Q029","Agricultural Economy and Food Policy","e-NAM and electronic agricultural markets","esi-e-nam-and-electronic-agricultural-markets-5a469ac2","ad039937-0ea2-42d1-8cc6-a8aa9b6878e5","Q.29) Name the pan-India electronic trading portal for transparent sale transactions and price discovery initially in re"
"Economic & Social Issues","1a874661-957e-4c81-a90f-b0634834d889","NABARD-P1-ESI-2023","1","30","30","ESI-2023-Q030","Rural Development and Panchayati Raj","DAY-NRLM, self-help groups and rural livelihoods","esi-day-nrlm-self-help-groups-and-rural-livelihoods-afd82160","301bae11-6699-47ac-a40c-4572ced58f81","Q.30) Under the DAY-NRLM scheme, the households are identified with minimum 1- deprivation criterion as per the Socio Ec"
"Economic & Social Issues","1a874661-957e-4c81-a90f-b0634834d889","NABARD-P1-ESI-2023","1","31","31","ESI-2023-Q031","Banking, Credit and Financial Inclusion","Financial inclusion and Jan Dhan","esi-financial-inclusion-and-jan-dhan-71aa2972","9b920abb-0fbf-45db-9da1-f378c726fb7a","Q.31) Pradhan Mantri Jan-Dhan Yojana (PMJDY) is National Mission for Financial Inclusion to ensure access to financial s"
"Economic & Social Issues","1a874661-957e-4c81-a90f-b0634834d889","NABARD-P1-ESI-2023","1","32","32","ESI-2023-Q032","Welfare Schemes and Social Security","Food security, PDS and free foodgrain schemes","esi-food-security-pds-and-free-foodgrain-schemes-f4f74cbc","f7ba88b5-a82a-47a2-88e0-ba25c51f99e7","Q.32) As per the provision of NFSA 2013, government has decided to provide food grains free of cost for a period of ____"
"Economic & Social Issues","1a874661-957e-4c81-a90f-b0634834d889","NABARD-P1-ESI-2023","1","33","33","ESI-2023-Q033","Welfare Schemes and Social Security","Clean cooking fuel and energy access schemes","esi-clean-cooking-fuel-and-energy-access-schemes-14bfe216","abb6616e-aabd-44e0-ad90-f0db339671a7","Q.33) The Central government has approved extension of PMUY in September 2023. This approval made provision for _____ ad"
"Economic & Social Issues","1a874661-957e-4c81-a90f-b0634834d889","NABARD-P1-ESI-2023","1","34","34","ESI-2023-Q034","Banking, Credit and Financial Inclusion","Credit schemes for SC, ST and women entrepreneurs","esi-credit-schemes-for-sc-st-and-women-entrepreneurs-16e66d55","465cc03e-9755-403c-ab68-6a05cb0c038e","Q.34) As per the guidelines of Stand-Up India Scheme, loans between Rs 10 lakh and _____ will be provided to at least on"
"Economic & Social Issues","1a874661-957e-4c81-a90f-b0634834d889","NABARD-P1-ESI-2023","1","35","35","ESI-2023-Q035","Banking, Credit and Financial Inclusion","Credit schemes for SC, ST and women entrepreneurs","esi-credit-schemes-for-sc-st-and-women-entrepreneurs-16e66d55","dddb9177-cf8c-41ea-979a-0160d7780129","Q.35) Under the Small loan scheme for individuals from National Backward Classes Finance and Development Corporation (NB"
"Economic & Social Issues","1a874661-957e-4c81-a90f-b0634834d889","NABARD-P1-ESI-2023","1","36","36","ESI-2023-Q036","Welfare Schemes and Social Security","Pension schemes for unorganised workers and farmers","esi-pension-schemes-for-unorganised-workers-and-farmers-d8bd0eda","ca3e10e1-eabf-461e-9138-605861bd59dc","Q.36) Which category of persons are eligible to join NPS – All Citizen Modal scheme? 1. An Indian Citizen (Resident or N"
"Economic & Social Issues","1a874661-957e-4c81-a90f-b0634834d889","NABARD-P1-ESI-2023","1","37","37","ESI-2023-Q037","Education, Health and Human Development","Scholarships and student support schemes","esi-scholarships-and-student-support-schemes-8b26012c","42f9cad6-9096-4e83-9903-70825b586369","Q.37) Which of the following schemes have been merged and renamed as Scholarships for Higher Education for Young Achieve"
"Economic & Social Issues","1a874661-957e-4c81-a90f-b0634834d889","NABARD-P1-ESI-2023","1","38","38","ESI-2023-Q038","Education, Health and Human Development","Ayushman Bharat and health insurance","esi-ayushman-bharat-and-health-insurance-0f8290e9","b0341070-9130-4600-8690-0cee97d689ce","Q.38) PMJAY provides coverage of max ____ per year per family for the secondary and tertiary care hospitalization."
"Economic & Social Issues","1a874661-957e-4c81-a90f-b0634834d889","NABARD-P1-ESI-2023","1","39","39","ESI-2023-Q039","Welfare Schemes and Social Security","Pension schemes for unorganised workers and farmers","esi-pension-schemes-for-unorganised-workers-and-farmers-d8bd0eda","716fa4c9-b815-4736-8c91-e84f507d30f7","Q.39) Which of the following is a biometric enabled digital service for pensioners of Central government/ State governme"
"Economic & Social Issues","1a874661-957e-4c81-a90f-b0634834d889","NABARD-P1-ESI-2023","1","40","40","ESI-2023-Q040","Rural Development and Panchayati Raj","Rural and urban housing schemes","esi-rural-and-urban-housing-schemes-92031959","0764f627-bf9e-429b-80ff-bdf1a20b30de","Q.40) Which of the following is not an automatic/compulsory inclusion under Pradhan Mantri Awas Yojana (Gramin)?"
"Economic & Social Issues","1a874661-957e-4c81-a90f-b0634834d889","NABARD-P2-ARD-2020","2","24","24","ARD-2020-Q024","International Institutions, Indices and Reports","Multilateral development banks and the IMF","esi-multilateral-development-banks-and-the-imf-76ca8ef5","d877df4c-bdc8-499f-8df2-01ec71a531d3","Q.24) International Monetary fund was established in which of following year?"
"Economic & Social Issues","1a874661-957e-4c81-a90f-b0634834d889","NABARD-P2-ARD-2020","2","25","25","ARD-2020-Q025","International Institutions, Indices and Reports","WTO and global trade bodies","esi-wto-and-global-trade-bodies-8a33bd0d","db98a507-42e8-4da6-9a9a-396f5fd38a37","Q.25) Which of the following statements regarding World Trade organisation are NOT true?"
"Economic & Social Issues","1a874661-957e-4c81-a90f-b0634834d889","NABARD-P2-ARD-2020","2","26","26","ARD-2020-Q026","Population, Employment and Social Indicators","Population theories and demographic transition","esi-population-theories-and-demographic-transition-a323bbe5","3afe7121-8642-4049-9c3a-ec483818fee5","Q.26) What is the concept in which the stable high fertility and mortality population is converted to low-fertility, low"
"Economic & Social Issues","1a874661-957e-4c81-a90f-b0634834d889","NABARD-P2-ARD-2020","2","27","27","ARD-2020-Q027","Education, Health and Human Development","Right to Education Act","esi-right-to-education-act-f785667a","13195641-27a5-41ad-a92b-4fe0b3eb2cee","Q.27) RTE Act was enacted in year 2009 which came into effect from which of the following years?"
"Economic & Social Issues","1a874661-957e-4c81-a90f-b0634834d889","NABARD-P2-ARD-2020","2","29","29","ARD-2020-Q029","Population, Employment and Social Indicators","Poverty measurement and multidimensional poverty","esi-poverty-measurement-and-multidimensional-poverty-fccf8721","4345d458-c450-4232-bfe0-852a7551c404","Q.29) The committee was set up in the backdrop of national outrage over the Planning Commission’s suggested poverty line"
"Economic & Social Issues","1a874661-957e-4c81-a90f-b0634834d889","NABARD-P2-ARD-2023","2","1","1","ARDESI-2023-Q001","Banking, Credit and Financial Inclusion","Cooperatives and cooperative banks","esi-cooperatives-and-cooperative-banks-64438c62","ea0c48f9-0c96-4d32-b5b7-737921702acb","Q.1) PACS has been mentioned in the above paragraph. What does the PACS stand for?"
"Economic & Social Issues","1a874661-957e-4c81-a90f-b0634834d889","NABARD-P2-ARD-2023","2","2","2","ARDESI-2023-Q002","Banking, Credit and Financial Inclusion","Cooperatives and cooperative banks","esi-cooperatives-and-cooperative-banks-64438c62","3fdc4522-4745-446c-8089-f9b19bcfd863","Q.2) The center has announced a 47 -member committee under former union minister ___________ to prepare the national coo"
"Economic & Social Issues","1a874661-957e-4c81-a90f-b0634834d889","NABARD-P2-ARD-2023","2","3","3","ARDESI-2023-Q003","Banking, Credit and Financial Inclusion","Cooperatives and cooperative banks","esi-cooperatives-and-cooperative-banks-64438c62","dd81ad2c-97c1-4a3d-a451-587797ba6490","Q.3) In order to make PACS self-reliant and in tune with ‘Atmnirbhar Bharat Abhiyaan’ the government of India has, on 29"
"Economic & Social Issues","1a874661-957e-4c81-a90f-b0634834d889","NABARD-P2-ARD-2023","2","4","4","ARDESI-2023-Q004","Banking, Credit and Financial Inclusion","Cooperatives and cooperative banks","esi-cooperatives-and-cooperative-banks-64438c62","aaedae03-6c27-4e6e-88c0-6c31e03801b2","Q.4) Which of the following is the implementing agency for the centrally sponsored project for the computerization of pr"
"Economic & Social Issues","1a874661-957e-4c81-a90f-b0634834d889","NABARD-P2-ARD-2023","2","9","9","ARDESI-2023-Q009","Rural Development and Panchayati Raj","MGNREGA design, entitlements and performance","esi-mgnrega-design-entitlements-and-performance-91290406","c231f2c2-704e-4fe1-a0be-ab9f05f10ae1","Q.9) How many days of wage employment is provided under MGNREGS for Scheduled Tribe households living in forest areas?"
"Economic & Social Issues","1a874661-957e-4c81-a90f-b0634834d889","NABARD-P2-ARD-2023","2","10","10","ARDESI-2023-Q010","Rural Development and Panchayati Raj","MGNREGA design, entitlements and performance","esi-mgnrega-design-entitlements-and-performance-91290406","67beae85-b147-4384-b0fa-141d6640607a","Q.10) Under the MGNREGS, additional 50 days of wage employment are provided over and above 100 days in the areas affecte"
"Economic & Social Issues","1a874661-957e-4c81-a90f-b0634834d889","NABARD-P2-ARD-2023","2","11","11","ARDESI-2023-Q011","Rural Development and Panchayati Raj","MGNREGA design, entitlements and performance","esi-mgnrega-design-entitlements-and-performance-91290406","5a496ff8-21d8-41ad-9cd6-9904f04529fc","Q.11) Under the MGNREGS, if the demanded employment is not provided within 15 days, the applicant is entitled to an unem"
"Economic & Social Issues","1a874661-957e-4c81-a90f-b0634834d889","NABARD-P2-ARD-2023","2","12","12","ARDESI-2023-Q012","Rural Development and Panchayati Raj","MGNREGA design, entitlements and performance","esi-mgnrega-design-entitlements-and-performance-91290406","dc10ac8c-62eb-4360-a4e0-b9b2fa270d3e","Q.12) Which among the following initiative are organised at every ward and Gram Panchayat level at least once a month fo"
"Economic & Social Issues","1a874661-957e-4c81-a90f-b0634834d889","NABARD-P2-ARD-2023","2","13","13","ARDESI-2023-Q013","Education, Health and Human Development","Disease elimination missions","esi-disease-elimination-missions-95daea43","8e056df1-419a-4446-a1ae-65edf892331b","Q.13) Identify the programme mentioned in the paragraph."
"Economic & Social Issues","1a874661-957e-4c81-a90f-b0634834d889","NABARD-P2-ARD-2023","2","14","14","ARDESI-2023-Q014","Education, Health and Human Development","Disease elimination missions","esi-disease-elimination-missions-95daea43","940f88f7-8523-4985-ae26-aa6c4cac8b12","Q.14) Which of the following preventive measures have been taken as a part of the programme mentioned in the paragraph? "
"Economic & Social Issues","1a874661-957e-4c81-a90f-b0634834d889","NABARD-P2-ARD-2023","2","15","15","ARDESI-2023-Q015","Education, Health and Human Development","Disease elimination missions","esi-disease-elimination-missions-95daea43","bf5259a1-cc21-4312-96d8-5fe6bad0a838","Q.15) Which of the following statement(s) is correct with respect to the mission discussed in above paragraph? 1. People"
"Economic & Social Issues","1a874661-957e-4c81-a90f-b0634834d889","NABARD-P2-ARD-2023","2","16","16","ARDESI-2023-Q016","Education, Health and Human Development","Disease elimination missions","esi-disease-elimination-missions-95daea43","c1ed7de3-26a8-41a9-ac1f-5f80f210ffc8","Q.16) The programme mentioned in the paragraph aims to eliminate Sickle Cell Anaemia by which year?"
"Economic & Social Issues","1a874661-957e-4c81-a90f-b0634834d889","NABARD-P2-ARD-2023","2","17","17","ARDESI-2023-Q017","Indian Economy, Public Finance and Industry","Union Budget provisions and taxation","esi-union-budget-provisions-and-taxation-f43747fa","0c145508-fd19-493e-9fc1-ab472afd3f4c","Q.17) Union Finance Minister, Smt. Nirmala Sitharaman has announced in her budget speech about the allocation of an amou"
"Economic & Social Issues","1a874661-957e-4c81-a90f-b0634834d889","NABARD-P2-ARD-2023","2","26","26","ARDESI-2023-Q026","Welfare Schemes and Social Security","Artisan and traditional-trade schemes","esi-artisan-and-traditional-trade-schemes-7f089b75","7e7bf541-421b-4f40-a46d-e57580b9f220","Q.26) Which of the following persons are eligible to get the benefits under PM Vishwakarma Scheme? 1. Ram who is a wood "
"Economic & Social Issues","1a874661-957e-4c81-a90f-b0634834d889","NABARD-P2-ARD-2023","2","27","27","ARDESI-2023-Q027","Education, Health and Human Development","Scholarships and student support schemes","esi-scholarships-and-student-support-schemes-8b26012c","fb9f505b-4fe1-41f8-b658-685f4ae2dabf","Q.27) Which of the following persons can apply under the “National Overseas Scheme for SCs”, a subscheme of umbrella sch"
"Economic & Social Issues","1a874661-957e-4c81-a90f-b0634834d889","NABARD-P2-ARD-2023","2","28","28","ARDESI-2023-Q028","Rural Development and Panchayati Raj","Rural land records and property rights","esi-rural-land-records-and-property-rights-3ca875b7","63a5248f-4cf0-4cc1-bb91-efa188b3796c","Q.28) ______________ aims to provide the ‘Record of Rights’ to village household owners possessing houses in inhabited a"
"Economic & Social Issues","1a874661-957e-4c81-a90f-b0634834d889","NABARD-P2-ARD-2023","2","30","30","ARDESI-2023-Q030","Welfare Schemes and Social Security","Street vendor credit and livelihood schemes","esi-street-vendor-credit-and-livelihood-schemes-1f8c2168","bf354ee9-50d3-4085-a367-09fea8fae851","Q.30) Which scheme aims to provide financial support to street vendors to resume their livelihoods and help them become "
"Economic & Social Issues","1a874661-957e-4c81-a90f-b0634834d889","NABARD-P2-ESI-2020","2","31","1","ESI-2020-Q031","Welfare Schemes and Social Security","Street vendor credit and livelihood schemes","esi-street-vendor-credit-and-livelihood-schemes-1f8c2168","1ab839c2-6c36-479d-a05d-4196e1d0a6d0","Q.31) Which of the following is not true regarding PMSVANIDHI scheme?"
"Economic & Social Issues","1a874661-957e-4c81-a90f-b0634834d889","NABARD-P2-ESI-2020","2","33","3","ESI-2020-Q033","Education, Health and Human Development","Tribal residential education","esi-tribal-residential-education-f08200bf","6bf43f7a-1faa-4ab2-b6d0-3db88d5e9b0a","Q.33) Eklavya Model Residential Schools (EMRS) have been opened for which of the following communities in India?"
"Economic & Social Issues","1a874661-957e-4c81-a90f-b0634834d889","NABARD-P2-ESI-2020","2","34","4","ESI-2020-Q034","Indian Economy, Public Finance and Industry","Public debt and external liabilities","esi-public-debt-and-external-liabilities-c0e148a4","e255415b-0025-4e94-a7cd-d483cd90dd78","Q.34) According to RBI data, what is central governments external debt by march 2020?"
"Economic & Social Issues","1a874661-957e-4c81-a90f-b0634834d889","NABARD-P2-ESI-2020","2","35","5","ESI-2020-Q035","Welfare Schemes and Social Security","Pension schemes for unorganised workers and farmers","esi-pension-schemes-for-unorganised-workers-and-farmers-d8bd0eda","56faadeb-2be4-4228-b207-34ed343b4cc9","Q.35) Which of the following has been the eligible age group under PMSYM?"
"Economic & Social Issues","1a874661-957e-4c81-a90f-b0634834d889","NABARD-P2-ESI-2020","2","36","6","ESI-2020-Q036","Welfare Schemes and Social Security","Women and child welfare schemes","esi-women-and-child-welfare-schemes-b322a19f","50e6abd0-36d9-4227-a939-5554af21a2e4","Q.36) Which of the following amount has been given to Pregnant and Lactating mothers under the PMMVY?"
"Economic & Social Issues","1a874661-957e-4c81-a90f-b0634834d889","NABARD-P2-ESI-2020","2","37","7","ESI-2020-Q037","Rural Development and Panchayati Raj","MGNREGA design, entitlements and performance","esi-mgnrega-design-entitlements-and-performance-91290406","12da286d-399f-49e0-9552-a328a2a2bae5","Q.37) MGNREGA monitoring at village level is done by which of the following bodies?"
"Economic & Social Issues","1a874661-957e-4c81-a90f-b0634834d889","NABARD-P2-ESI-2020","2","38","8","ESI-2020-Q038","Rural Development and Panchayati Raj","DAY-NRLM, self-help groups and rural livelihoods","esi-day-nrlm-self-help-groups-and-rural-livelihoods-afd82160","ac81fe82-8923-4f5e-a8d1-481059a32c5b","Q.38) The Mission aims at creating efficient and effective institutional platforms of the rural poor enabling them to in"
"Economic & Social Issues","1a874661-957e-4c81-a90f-b0634834d889","NABARD-P2-ESI-2020","2","39","9","ESI-2020-Q039","Agricultural Economy and Food Policy","Doubling farmers' income and its committees","esi-doubling-farmers-income-and-its-committees-2c3e3962","7f1e85ba-de0d-4def-9ef7-f90c0582594a","Q.39) Which of the following committees has been setup by the government for Doubling farmers income?"
"Economic & Social Issues","1a874661-957e-4c81-a90f-b0634834d889","NABARD-P2-ESI-2020","2","40","10","ESI-2020-Q040","Rural Development and Panchayati Raj","Swachh Bharat and sanitation missions","esi-swachh-bharat-and-sanitation-missions-9b655979","f0a90acd-32d8-410c-ba8a-dee9f0da28bf","Q.40) Which scheme related to sanitation was launched on 2 nd October, 2014 as a tribute to Mahatma Gandhi with aim to m"
"Economic & Social Issues","1a874661-957e-4c81-a90f-b0634834d889","NABARD-P2-ESI-2020","2","41","11","ESI-2020-Q041","Agricultural Economy and Food Policy","Crop insurance schemes","esi-crop-insurance-schemes-96129bd7","1283e442-02b5-4dc3-b302-cc013f4f8424","Q.41) Identify the scheme that has been launched by the Government to provide insurance to farmers in case of crop failu"
"Economic & Social Issues","1a874661-957e-4c81-a90f-b0634834d889","NABARD-P2-ESI-2020","2","42","12","ESI-2020-Q042","Rural Development and Panchayati Raj","Rurban clusters and rural cluster development","esi-rurban-clusters-and-rural-cluster-development-fb33f5cb","59b6090a-abb4-4f9f-be59-72eb8d377009","Q.42) Which mission has been launched by the Government to create well planned Rurban clusters and to stimulate local ec"
"Economic & Social Issues","1a874661-957e-4c81-a90f-b0634834d889","NABARD-P2-ESI-2020","2","43","13","ESI-2020-Q043","Agricultural Economy and Food Policy","Livestock and dairy development programmes","esi-livestock-and-dairy-development-programmes-2c0b8e57","3736c733-cd1f-4217-a10c-41c0e216b16e","Q.43) Which of the following is not a sub-mission of National Livestock Mission."
"Economic & Social Issues","1a874661-957e-4c81-a90f-b0634834d889","NABARD-P2-ESI-2020","2","44","14","ESI-2020-Q044","Banking, Credit and Financial Inclusion","Lead Bank Scheme and district credit planning","esi-lead-bank-scheme-and-district-credit-planning-595fb697","4d80b35a-8e6e-41bd-87f3-816e8a668137","Q.44) Under the Lead Bank Scheme, the District Coordination Committee must meet after ____X____ period of intervals."
"Economic & Social Issues","1a874661-957e-4c81-a90f-b0634834d889","NABARD-P2-ESI-2020","2","45","15","ESI-2020-Q045","Agricultural Economy and Food Policy","Climate change initiatives in agriculture","esi-climate-change-initiatives-in-agriculture-3b7a236e","0cf77089-bd89-4580-ab30-7d2717d38030","Q. 45) Which of the following schemes are a part of the publication mentioned above in the passage? 1) International Sol"
"Economic & Social Issues","1a874661-957e-4c81-a90f-b0634834d889","NABARD-P2-ESI-2020","2","46","16","ESI-2020-Q046","Indian Economy, Public Finance and Industry","Renewable energy targets and efficiency schemes","esi-renewable-energy-targets-and-efficiency-schemes-27352d93","e7922cdd-6d7b-4ad3-b267-ae2a3b9da341","Q.46)India has a target of ___________GW of renewable energy by 2022."
"Economic & Social Issues","1a874661-957e-4c81-a90f-b0634834d889","NABARD-P2-ESI-2020","2","47","17","ESI-2020-Q047","Indian Economy, Public Finance and Industry","Renewable energy targets and efficiency schemes","esi-renewable-energy-targets-and-efficiency-schemes-27352d93","a6e0fd22-6c97-4387-8014-4b0cad6295ae","Q.47) Which of the schemes are related to LED Distribution scheme."
"Economic & Social Issues","1a874661-957e-4c81-a90f-b0634834d889","NABARD-P2-ESI-2020","2","48","18","ESI-2020-Q048","Population, Employment and Social Indicators","Skill development and apprenticeship","esi-skill-development-and-apprenticeship-b69d40f8","66a0a7cb-08f5-46ac-995f-3c25ff41181f","Q.48) Reimbursement % of training layout provided by government under PMKVY is__________."
"Economic & Social Issues","1a874661-957e-4c81-a90f-b0634834d889","NABARD-P2-ESI-2020","2","49","19","ESI-2020-Q049","Population, Employment and Social Indicators","Skill development and apprenticeship","esi-skill-development-and-apprenticeship-b69d40f8","9377fe5e-088f-4a6c-ba56-76fb887c4882","Q.49) Three statements are given. Select the correct statement. 1) To increase the number of candidates 2) Get maximum s"
"Economic & Social Issues","1a874661-957e-4c81-a90f-b0634834d889","NABARD-P2-ESI-2020","2","50","20","ESI-2020-Q050","Population, Employment and Social Indicators","Skill development and apprenticeship","esi-skill-development-and-apprenticeship-b69d40f8","d3dba56b-4caf-4da5-90c1-51e89aef3408","Q.50) Maximum financial support can be provided per month per trainee is________."
"Economic & Social Issues","1a874661-957e-4c81-a90f-b0634834d889","NABARD-P2-ESI-2020","2","51","21","ESI-2020-Q051","Population, Employment and Social Indicators","Skill development and apprenticeship","esi-skill-development-and-apprenticeship-b69d40f8","1e470fad-6863-4d03-a31b-dc015c3890d2","Q.51) PMKVY was launched under which of the following scheme?"
"Economic & Social Issues","1a874661-957e-4c81-a90f-b0634834d889","NABARD-P2-ESI-2020","2","52","22","ESI-2020-Q052","Banking, Credit and Financial Inclusion","Public sector bank reforms","esi-public-sector-bank-reforms-3d69d7d1","9599b74b-d1a2-4d5e-872c-6364016ab78f","Q.52) Identify the index which is mentioned above in the passage."
"Economic & Social Issues","1a874661-957e-4c81-a90f-b0634834d889","NABARD-P2-ESI-2020","2","53","23","ESI-2020-Q053","Banking, Credit and Financial Inclusion","Public sector bank reforms","esi-public-sector-bank-reforms-3d69d7d1","05b7db6b-a294-46dd-bc16-56d6a56359fd","Q.53) Which of the following reforms related to PSBs were introduced in 2020 406 | P a g e 1) Dial-a-loan 2) Tech-enable"
"Economic & Social Issues","1a874661-957e-4c81-a90f-b0634834d889","NABARD-P2-ESI-2020","2","54","24","ESI-2020-Q054","Banking, Credit and Financial Inclusion","Public sector bank reforms","esi-public-sector-bank-reforms-3d69d7d1","84300146-cc67-438e-a481-1cf12f926f0a","Q.54) PSBs measures the performance on the basis of how many numbers of performance metrices."
"Economic & Social Issues","1a874661-957e-4c81-a90f-b0634834d889","NABARD-P2-ESI-2020","2","55","25","ESI-2020-Q055","Agricultural Economy and Food Policy","e-NAM and electronic agricultural markets","esi-e-nam-and-electronic-agricultural-markets-5a469ac2","a75482d0-f300-457d-9e2b-f689286cb9f5","Q.55) Identify the portal?"
"Economic & Social Issues","1a874661-957e-4c81-a90f-b0634834d889","NABARD-P2-ESI-2020","2","57","27","ESI-2020-Q057","Agricultural Economy and Food Policy","Agricultural revolutions","esi-agricultural-revolutions-f75a3ef4","728d97a0-6b13-4fe1-8ffb-9b4deba63d19","Q.57) This revolution in India, from an agricultural perspective, is a concept that advocates for sustainable and contin"
"Economic & Social Issues","1a874661-957e-4c81-a90f-b0634834d889","NABARD-P2-ESI-2020","2","58","28","ESI-2020-Q058","Indian Economy, Public Finance and Industry","National Infrastructure Pipeline and project dashboards","esi-national-infrastructure-pipeline-and-project-dashboards-79cb371c","81dfb102-590a-4363-8bde-91013e035f30","Q.58) Number of projects covered under Online dashboard."
"Economic & Social Issues","1a874661-957e-4c81-a90f-b0634834d889","NABARD-P2-ESI-2020","2","59","29","ESI-2020-Q059","Indian Economy, Public Finance and Industry","National Infrastructure Pipeline and project dashboards","esi-national-infrastructure-pipeline-and-project-dashboards-79cb371c","8cd6b778-175b-4f6a-b751-bc4ac8977b20","Q.59) Identify the name of online dashboard?"
"Economic & Social Issues","1a874661-957e-4c81-a90f-b0634834d889","NABARD-P2-ESI-2020","2","60","30","ESI-2020-Q060","Indian Economy, Public Finance and Industry","National Infrastructure Pipeline and project dashboards","esi-national-infrastructure-pipeline-and-project-dashboards-79cb371c","aafee9b6-f864-489d-9fc6-7b4599bd94b0","Q.60) Q. What are the features of online dashboard? 1. Search a pan-India database for investment opportunities across s"
"Economic & Social Issues","1a874661-957e-4c81-a90f-b0634834d889","NABARD-P2-ESI-2020","2","61","31","ESI-2020-Q061","Banking, Credit and Financial Inclusion","Bank fraud prevention and early warning","esi-bank-fraud-prevention-and-early-warning-6579cda4","ce5b2d6d-b963-4fe9-b76c-834b9ffb52a2","Q.61) Government has launched ""Fraud Prevention and Management Function"" to enable, among others, effective investigatio"
"Economic & Social Issues","1a874661-957e-4c81-a90f-b0634834d889","NABARD-P2-ESI-2020","2","62","32","ESI-2020-Q062","Banking, Credit and Financial Inclusion","Bank fraud prevention and early warning","esi-bank-fraud-prevention-and-early-warning-6579cda4","8acca317-4e37-4c92-8d52-91e70964a687","Q.62) “Fraud Prevention and Management function” is based on registry. This registry is based on which of the following?"
"Economic & Social Issues","1a874661-957e-4c81-a90f-b0634834d889","NABARD-P2-ESI-2020","2","63","33","ESI-2020-Q063","Banking, Credit and Financial Inclusion","Housing finance and house price indices","esi-housing-finance-and-house-price-indices-56a4f7bc","457abf3d-65fc-4f08-b326-623fc0376e0c","Q.63) Which of the following was first index indicating the prices of houses established in the year of 2007?"
"Economic & Social Issues","1a874661-957e-4c81-a90f-b0634834d889","NABARD-P2-ESI-2020","2","64","34","ESI-2020-Q064","Agricultural Economy and Food Policy","Livestock and dairy development programmes","esi-livestock-and-dairy-development-programmes-2c0b8e57","88089352-fbad-4e66-aada-c8247e207100","Q.64) What is the contribution of livestock to agriculture GDP?"
"Economic & Social Issues","1a874661-957e-4c81-a90f-b0634834d889","NABARD-P2-ESI-2020","2","65","35","ESI-2020-Q065","Population, Employment and Social Indicators","Census and demographic profile of India","esi-census-and-demographic-profile-of-india-f0423777","cecf6b94-2802-429b-a02f-9d4c82967d05","Q.65) Child sex ratio is measured for an age group of?"
"Economic & Social Issues","1a874661-957e-4c81-a90f-b0634834d889","NABARD-P2-ESI-2020","2","66","26","ESI-2020-Q066","Agricultural Economy and Food Policy","Contract farming and market reform","esi-contract-farming-and-market-reform-c75445a9","6a9e4932-bf97-486a-a878-7a63b332e79b","Q.66) Which State is first to introduce Contract farming in India? 407 | P a g e"
"Economic & Social Issues","1a874661-957e-4c81-a90f-b0634834d889","NABARD-P2-ESI-2021","2","1","1","ESI-2021-Q001","Rural Development and Panchayati Raj","Swachh Bharat and sanitation missions","esi-swachh-bharat-and-sanitation-missions-9b655979","cf327aac-a2d0-42c8-9684-778646916a3a","Q.1) How much amount has been allocated under the Swachh Bharat Mission Urban 2.0?"
"Economic & Social Issues","1a874661-957e-4c81-a90f-b0634834d889","NABARD-P2-ESI-2021","2","2","2","ESI-2021-Q002","Banking, Credit and Financial Inclusion","MUDRA and micro-enterprise credit","esi-mudra-and-micro-enterprise-credit-46158941","69babdfb-a5d0-4f55-812d-38b379dceed4","Q.2) Under MUDRA Scheme, what is the maximum loan amount that can be offered to a borrower?"
"Economic & Social Issues","1a874661-957e-4c81-a90f-b0634834d889","NABARD-P2-ESI-2021","2","3","3","ESI-2021-Q003","Constitution, Governance and Institutions","Ministries and organisation of government","esi-ministries-and-organisation-of-government-7ea52ef4","4ec3b9ec-c0ca-421b-8e4a-8dd6d0641ef6","Q.3) Which among the following ministries is/are headed by Shri Piyush Goyal? 1) Ministry of Commerce & Industry 2) Mini"
"Economic & Social Issues","1a874661-957e-4c81-a90f-b0634834d889","NABARD-P2-ESI-2021","2","4","4","ESI-2021-Q004","Education, Health and Human Development","National Education Policy 2020","esi-national-education-policy-2020-fd9f53fb","adca588f-8808-46f3-a0d0-eb1c6242f589","Q.4) Recently, India’s new National Education Policy (NEP) 2020 is set to replace the 10+2 schooling system in India wit"
"Economic & Social Issues","1a874661-957e-4c81-a90f-b0634834d889","NABARD-P2-ESI-2021","2","5","5","ESI-2021-Q005","Rural Development and Panchayati Raj","MGNREGA design, entitlements and performance","esi-mgnrega-design-entitlements-and-performance-91290406","d0ca825a-3721-4f4b-9e09-8b471aa5a76d","Q.5) Under the MGNREGA Scheme, the duty of Programme Officer (PO) is to ensure that anyone who applied for work gets emp"
"Economic & Social Issues","1a874661-957e-4c81-a90f-b0634834d889","NABARD-P2-ESI-2021","2","6","6","ESI-2021-Q006","Education, Health and Human Development","Education sector market and online learning","esi-education-sector-market-and-online-learning-de9bb541","a04be00a-2eab-4275-92b3-46077c692101","Q.6) As per recently released, “INDIAN EDUCATION SECTOR IN INDIA INDUSTRY REPORT”, India’s Online education market is fo"
"Economic & Social Issues","1a874661-957e-4c81-a90f-b0634834d889","NABARD-P2-ESI-2021","2","7","7","ESI-2021-Q007","Banking, Credit and Financial Inclusion","Banking regulation and legislation","esi-banking-regulation-and-legislation-ecffbc16","bf3471e7-e05e-4c71-84e1-5e53fc748dd4","Q.7) Identify the act mentioned in the above passage"
"Economic & Social Issues","1a874661-957e-4c81-a90f-b0634834d889","NABARD-P2-ESI-2021","2","8","8","ESI-2021-Q008","Banking, Credit and Financial Inclusion","Banking regulation and legislation","esi-banking-regulation-and-legislation-ecffbc16","81503a00-bee8-4525-8a5b-79c40b5cd044","Q.8) Which section of the Act mentioned in the above passage has been amended?"
"Economic & Social Issues","1a874661-957e-4c81-a90f-b0634834d889","NABARD-P2-ESI-2021","2","9","9","ESI-2021-Q009","Banking, Credit and Financial Inclusion","Banking regulation and legislation","esi-banking-regulation-and-legislation-ecffbc16","7a62da4b-2ebb-41e8-b4ba-015af96ff9df","Q.9) Which of the following statements related to above mentioned act is correct? 1. The act will not be applicable to P"
"Economic & Social Issues","1a874661-957e-4c81-a90f-b0634834d889","NABARD-P2-ESI-2021","2","10","10","ESI-2021-Q010","Education, Health and Human Development","Ayushman Bharat and health insurance","esi-ayushman-bharat-and-health-insurance-0f8290e9","4ff93830-5926-4f9e-afd4-985f6554b467","Q.10) The scheme envisions to help mitigate catastrophic expenditure on medical treatment on which among the following: "
"Economic & Social Issues","1a874661-957e-4c81-a90f-b0634834d889","NABARD-P2-ESI-2021","2","11","11","ESI-2021-Q011","Education, Health and Human Development","Ayushman Bharat and health insurance","esi-ayushman-bharat-and-health-insurance-0f8290e9","ab6981db-b3ff-4cf5-a81a-1a35ca57091e","Q.11) Which among the following statements are not correct: 415 | P a g e 1) There is a Restriction on the family size, "
"Economic & Social Issues","1a874661-957e-4c81-a90f-b0634834d889","NABARD-P2-ESI-2021","2","12","12","ESI-2021-Q012","Welfare Schemes and Social Security","Pandemic relief packages and worker support","esi-pandemic-relief-packages-and-worker-support-fa7351c0","c8987617-2300-4b11-a5f8-5e0bfa50d54f","Q.12) Which among the following are the beneficiaries of the schemes mentioned the above passage 1) Home-based worker an"
"Economic & Social Issues","1a874661-957e-4c81-a90f-b0634834d889","NABARD-P2-ESI-2021","2","13","13","ESI-2021-Q013","Education, Health and Human Development","National Education Policy 2020","esi-national-education-policy-2020-fd9f53fb","c268c1e1-6dfb-4f02-9ff9-991963e1b34b","Q.13) Which among the following is/are not one of the pillars of the policy mentioned in the above passage? 416 | P a g "
"Economic & Social Issues","1a874661-957e-4c81-a90f-b0634834d889","NABARD-P2-ESI-2021","2","14","14","ESI-2021-Q014","Education, Health and Human Development","National Education Policy 2020","esi-national-education-policy-2020-fd9f53fb","81155e44-5800-415e-9551-4e517dbf6342","Q.14) The Union Cabinet chaired by the Prime Minister Shri Narendra Modi approved the National Education Policy 2020 whi"
"Economic & Social Issues","1a874661-957e-4c81-a90f-b0634834d889","NABARD-P2-ESI-2021","2","15","15","ESI-2021-Q015","Education, Health and Human Development","Education sector market and online learning","esi-education-sector-market-and-online-learning-de9bb541","2c43841f-02c8-4f33-8632-d9bf27228f39","Q.15) Which of the following statements is correct in relation with UNICEF data on child education during pandemic? 1) 5"
"Economic & Social Issues","1a874661-957e-4c81-a90f-b0634834d889","NABARD-P2-ESI-2022","2","1","1","ESI-2022-Q001","Agricultural Economy and Food Policy","e-NAM and electronic agricultural markets","esi-e-nam-and-electronic-agricultural-markets-5a469ac2","fc731514-7a6f-42d9-a29b-5bd99fcf4928","Q.1) In 2020, e-NAM was integrated with Karnataka’s Unified Market Portal. This facilitates traders across both platform"
"Economic & Social Issues","1a874661-957e-4c81-a90f-b0634834d889","NABARD-P2-ESI-2022","2","2","2","ESI-2022-Q002","Welfare Schemes and Social Security","Sanitation worker welfare and mechanised sanitation","esi-sanitation-worker-welfare-and-mechanised-sanitation-3201cd8f","9cbd5fad-59a3-4ce0-8a24-dcdd75fd8ab2","Q.2) Which of the following Statements is/are Correct outcomes of NAMASTE Scheme? 1) Zero fatalities in sanitation work "
"Economic & Social Issues","1a874661-957e-4c81-a90f-b0634834d889","NABARD-P2-ESI-2022","2","3","3","ESI-2022-Q003","Welfare Schemes and Social Security","Sanitation worker welfare and mechanised sanitation","esi-sanitation-worker-welfare-and-mechanised-sanitation-3201cd8f","76f8e851-bf13-4490-ac74-a7565a7c5aa8","Q.3) __________ Cities (converging with AMRUT cities) will be taken up under this phase of NAMASTE."
"Economic & Social Issues","1a874661-957e-4c81-a90f-b0634834d889","NABARD-P2-ESI-2022","2","4","4","ESI-2022-Q004","Welfare Schemes and Social Security","Sanitation worker welfare and mechanised sanitation","esi-sanitation-worker-welfare-and-mechanised-sanitation-3201cd8f","3daaf39e-4d0a-4581-8123-6f4a8ae03357","Q.4) The NAMASTE Scheme has been approved with an outlay of Rs. 360 crore for four years from 2022 -23 to____________."
"Economic & Social Issues","1a874661-957e-4c81-a90f-b0634834d889","NABARD-P2-ESI-2022","2","5","5","ESI-2022-Q005","Rural Development and Panchayati Raj","Rural and urban housing schemes","esi-rural-and-urban-housing-schemes-92031959","b0ee575e-035f-4388-afac-98020185c1f2","Q.5) Under the PM Awas Yojana - Gramin, the minimum size of a house has been increased to _______ from the earlier 20 Sq"
"Economic & Social Issues","1a874661-957e-4c81-a90f-b0634834d889","NABARD-P2-ESI-2022","2","6","6","ESI-2022-Q006","Rural Development and Panchayati Raj","Rural and urban housing schemes","esi-rural-and-urban-housing-schemes-92031959","dd41e2a6-bc1a-4a46-8141-e7e7ce3d9510","Q.6) Under the PM Awas Yojana - Garmin, the monetary assistance for building pucca house is __________ in hilly states, "
"Economic & Social Issues","1a874661-957e-4c81-a90f-b0634834d889","NABARD-P2-ESI-2022","2","7","7","ESI-2022-Q007","Rural Development and Panchayati Raj","Swachh Bharat and sanitation missions","esi-swachh-bharat-and-sanitation-missions-9b655979","233f33d3-0921-4a16-993d-ef655a387186","Q.7) Several Government Initiatives are being run under PM Awas Yojana - Gramin to achieve behavioural Change and Open D"
"Economic & Social Issues","1a874661-957e-4c81-a90f-b0634834d889","NABARD-P2-ESI-2022","2","8","8","ESI-2022-Q008","Agricultural Economy and Food Policy","Organic and natural farming schemes","esi-organic-and-natural-farming-schemes-739ab5db","54f248d0-3ba1-4011-b8be-d3879bfade0e","Q.8) A sub - scheme of P MKVY for the promotion of traditional agriculture Knowledge launched with the name?"
"Economic & Social Issues","1a874661-957e-4c81-a90f-b0634834d889","NABARD-P2-ESI-2022","2","9","9","ESI-2022-Q009","Agricultural Economy and Food Policy","Organic and natural farming schemes","esi-organic-and-natural-farming-schemes-739ab5db","6464476b-d48a-4762-9e59-9f21d8a473c8","Q.9) Under BPKP, financial assistance of Rs ____ for 3 years is provided for cluster formation, capacity building and co"
"Economic & Social Issues","1a874661-957e-4c81-a90f-b0634834d889","NABARD-P2-ESI-2022","2","10","10","ESI-2022-Q010","Agricultural Economy and Food Policy","Organic and natural farming schemes","esi-organic-and-natural-farming-schemes-739ab5db","72adb496-53b0-481c-ba77-3fba18b66b5f","Q.10) Which one of the following is not align with the aim and objectives of BPKP"
"Economic & Social Issues","1a874661-957e-4c81-a90f-b0634834d889","NABARD-P2-ESI-2022","2","11","11","ESI-2022-Q011","Welfare Schemes and Social Security","Food security, PDS and free foodgrain schemes","esi-food-security-pds-and-free-foodgrain-schemes-f4f74cbc","c190bd2e-07df-4d8c-b844-6a2e341811a6","Q.11) Under PDS system the foodgrains via ration shops are provided at highly subsidized rate. The price for rice is ___"
"Economic & Social Issues","1a874661-957e-4c81-a90f-b0634834d889","NABARD-P2-ESI-2022","2","12","12","ESI-2022-Q012","Rural Development and Panchayati Raj","MGNREGA design, entitlements and performance","esi-mgnrega-design-entitlements-and-performance-91290406","c7d7fe66-e957-4c21-b313-65e9897bedf0","Q.12) Under MNREGA, additional workdays for ………………drought prone areas."
"Economic & Social Issues","1a874661-957e-4c81-a90f-b0634834d889","NABARD-P2-ESI-2022","2","13","13","ESI-2022-Q013","Indian Economy, Public Finance and Industry","Economic reforms of 1991 and liberalisation","esi-economic-reforms-of-1991-and-liberalisation-94cfbdf0","7845d052-767a-4a22-be85-eea52b8601b6","Q.13) Organization conditionalities were followed in executing the 1991 LPG Reforms in India"
"Economic & Social Issues","1a874661-957e-4c81-a90f-b0634834d889","NABARD-P2-ESI-2022","2","14","14","ESI-2022-Q014","Education, Health and Human Development","Community health workers and maternal-child health programmes","esi-community-health-workers-and-maternal-child-health-programmes-367b24d2","009c0338-f2e3-4448-9b10-90d8d3f07d3f","Q.14) Which of the following statement is correct regarding to ASHA? 1) She should be illiterate. 2) Age limit should be"
"Economic & Social Issues","1a874661-957e-4c81-a90f-b0634834d889","NABARD-P2-ESI-2022","2","15","15","ESI-2022-Q015","Education, Health and Human Development","Community health workers and maternal-child health programmes","esi-community-health-workers-and-maternal-child-health-programmes-367b24d2","d5d446c4-7d73-4f7a-b0e3-72cdf112f61c","Q.15) Which of the following statement regarding RMNCH+ Scheme is correct 1) Prioritization of high -impact intervention"
